or_name,ee_name,deal_date,n_patents,seller_cik,buyer_cik
A9COM INC,AMAZON TECHNOLOGIES INC,2020-04-22,30,,1321834.0
ABBOTT LABORATORIES,ABBOTT DIABETES CARE INC,2014-08-18,36,1800.0,
ABBOTT LABORATORIES,ABBVIE INC,2012-08-01,140,1800.0,1551152.0
ACTIVESEMI INTERNATIONAL INC,ACTIVESEMI INC,2009-05-01,43,105319.0,
ADEST MEIR,SOLAREDGE TECHNOLOGIES LTD,2020-07-29,20,,1419612.0
ADVANCED LIGHTING TECHNOLOGIES INC,PNC BANK NATIONAL ASSOCIATION AS AGENT,1999-05-21,27,1321834.0,
ADVANCED MICRO DEVICES INC,SPANSION INC,2007-01-31,34,2488.0,
AERAS,INTERNATIONAL AIDS VACCINE INITIATIVE INC,2018-10-01,22,,105319.0
AETHER SYSTEMS INC,TSYS ACQUISITION CORP,2004-01-13,25,,1998781.0
AGARWAL ATUL,ACHILLION PHARMACEUTICALS INC,2016-03-11,26,,1691082.0
AGGARWAL AMIT,GROUPON INC,2014-01-30,25,,1490281.0
AGILENT TECHNOLOGIES INC,AVAGO TECHNOLOGIES GENERAL IP SINGAPORE PTE LTD,2005-12-01,27,1090872.0,
AHN JOONKUI,LG ELECTRONICS INC,2013-02-28,27,,2058873.0
AIR PRODUCTS AND CHEMICALS INC,EVONIK DEGUSSA GMBH,2017-01-03,47,2969.0,
AKANA JODY,APPLE INC,2014-12-10,21,,320193.0
AKANA JODY,APPLE INC,2015-01-21,33,,320193.0
AKANA JODY,APPLE INC,2020-06-29,20,,320193.0
AKRION INC,AKRION TECHNOLOGIES INC,2005-01-25,24,,1964979.0
ALCES TECHNOLOGY INC,MANTISVISION LTD,2018-04-06,29,1779474.0,
ALDEN DON,PELIKAN TECHNOLOGIES INC,2003-02-13,21,,1321834.0
ALETTY ASHOK,BEA SYSTEMS INC,2005-07-25,25,,1352010.0
ALEXANDROV NICKOLAI,CERES INC,2006-05-03,23,,14707.0
ALHUSSIEN ABDELHAKIM S,MICRON TECHNOLOGY INC,2020-08-11,26,,723125.0
ALIBABA GROUP HOLDING LIMITED,ADVANTAGEOUS NEW TECHNOLOGIES CO LTD,2020-08-26,298,1577552.0,
ALNYLAM PHARMACEUTICALS INC,TEKMIRA PHARMACEUTICALS CORPORATION,2012-12-05,38,1178670.0,
ALTUS TECHNOLOGY INC,HON HAI PRECISION INDUSTRY CO LTD,2012-09-28,22,1962746.0,
ALVEOLUS INC,MERIT MEDICAL SYSTEMS INC,2009-03-10,30,,856982.0
AMAZONCOM INC,A9COM INC,2004-08-10,20,1018724.0,
AMERICAN EXPRESS TRAVEL RELATED SERVICES COMPANY INC,III HOLDINGS 1 LLC,2014-03-24,81,4962.0,
AMERICAN EXPRESS TRAVEL RELATED SERVICES COMPANY INC,XATRA FUND MX LLC,2007-10-17,26,4962.0,
AMERICAN MEDICAL SYSTEMS INC,AMS RESEARCH CORPORATION,2003-07-14,21,856982.0,
AMINI PEIMAN,NETGEAR INC,2018-12-18,22,,1122904.0
AMIRA PHARMACEUTICALS INC,PANMIRA PHARMACEUTICALS LLC,2011-09-02,54,1904286.0,
AMKOR TECHNOLOGY INC,AMKOR TECHNOLOGY SINGAPORE HOLDING PTE LTD,2019-01-01,31,1047127.0,
AMKOR TECHNOLOGY INC,AMKOR TECHNOLOGY SINGAPORE HOLDING PTE LTD,2019-11-19,77,1047127.0,
AMKOR TECHNOLOGY INC,AMKOR TECHNOLOGY SINGAPORE HOLDING PTELTD,2019-11-19,20,1047127.0,
AMKOR TECHNOLOGY KOREA INC,AMKOR TECHNOLOGY SINGAPORE HOLDING PTE LTD,2019-12-17,31,1047127.0,
AN HYEONJEONG,LG ELECTRONICS INC,2017-04-04,33,,2058873.0
ANALOG DEVICES INC,INVENSENSE INC,2013-10-31,22,6281.0,
ANALOG DEVICES INC,MEDIATEK INC,2008-01-29,26,6281.0,
ANDERSON MOLLY,APPLE INC,2020-06-30,20,,320193.0
ANDRE BARTLEY K,APPLE COMPUTER INC,2005-10-20,22,,320193.0
ANDRE BARTLEY K,APPLE INC,2007-12-21,29,,320193.0
ANDRE BARTLEY K,APPLE INC,2014-12-11,21,,320193.0
ANDRE BARTLEY K,APPLE INC,2015-01-19,38,,320193.0
ANDRE BARTLEY K,APPLE INC,2020-08-24,20,,320193.0
ANDRE BARTLEY K,APPLE INC,2020-11-04,28,,320193.0
ANNATI RICHARD E,CATERPILLAR INC,2015-03-06,20,,18230.0
ANTENNA DESIGN NEW YORK INC,AMGEN INC,2017-06-28,23,,318154.0
AOYAGI SHOTA,APPLE INC,2014-12-08,21,,320193.0
AOYAGI SHOTA,APPLE INC,2015-01-19,43,,320193.0
AOYAGI SHOTA,APPLE INC,2020-06-30,20,,320193.0
APPLIED MATERIALS INC,SOKUDO CO LTD,2006-07-20,48,6951.0,
ARCTIC SAND TECHNOLOGIES INC,PEREGRINE SEMICONDUCTOR CORPORATION,2017-08-14,52,1321834.0,
ARCTURUS BIOSCIENCE INC,MOLECULAR DEVICES CORPORATION,2006-04-03,30,1724521.0,
ARGADE ANKUSH,RIGEL PHARMACEUTICALS INC,2003-03-04,20,,1034842.0
ARGUE STUART,WALMART STORES INC,2012-10-31,20,,104169.0
ARGUE STUART,WALMART STORES INC,2012-12-18,20,,104169.0
ARIMILLI LAKSHMINARAYANA B,INTERNATIONAL BUSINESS MACHINES CORPORATION,2008-01-31,25,,51143.0
ARIMILLI RAVI K,INTERNATIONAL BUSINESS MACHINES CORPORATION,1997-04-14,20,,51143.0
ARIMILLI RAVI K,INTERNATIONAL BUSINESS MACHINES CORPORATION,1999-11-08,31,,51143.0
ARIMILLI RAVI K,INTERNATIONAL BUSINESS MACHINES CORPORATION,2008-01-31,65,,51143.0
ARLING PAUL D,UNIVERSAL ELECTRONICS INC,2013-12-23,28,,101984.0
ARNDT RICHARD LOUIS,INTERNATIONAL BUSINESS MACHINES CORPORATION,2005-02-23,20,,51143.0
ARNELL PETER E,PEPSICO INC,2008-12-23,72,,77476.0
ARROWHEAD MADISON INC,ARROWHEAD PHARMACEUTICALS INC,2016-06-20,21,,879407.0
ARTERIS SAS,QUALCOMM TECHNOLOGIES INC,2013-10-11,38,,1321834.0
ARUBA NETWORKS INC,HEWLETT PACKARD ENTERPRISE DEVELOPMENT LP,2017-11-15,33,,1645590.0
ASHCROFT ANTHONY MICHAEL,APPLE INC,2014-12-08,22,,320193.0
ASHCROFT ANTHONY MICHAEL,APPLE INC,2015-01-19,38,,320193.0
ASHCROFT ANTHONY MICHAEL,APPLE INC,2020-07-01,20,,320193.0
ASHWELL SUSAN,FORMA THERAPEUTICS INC,2016-06-16,20,,1001316.0
ASYST TECHNOLOGIES INC,ENTEGRIS CAYMAN LTD,2003-05-09,24,1321834.0,
AT DEVELOPMENT SWITZERLAND SÀRL,ADC THERAPEUTICS SA,2016-08-30,20,,1771910.0
ATHENA NEUROSCIENCES INC,ELAN PHARMACEUTICALS INC,2009-09-16,21,,1023024.0
ATT CORP,LUCENT TECHNOLOGIES INC,1996-03-29,113,,1726079.0
ATT DELAWARE INTELLECTUAL PROPERTY INC,ATT INTELLECTUAL PROPERTY I LP,2008-06-30,55,732717.0,
ATT DELAWARE INTELLECTUAL PROPERTY INC,ATT INTELLECTUAL PROPERTY I LP,2009-08-24,54,732717.0,
ATT DELAWARE INTELLECTUAL PROPERTY INC,ATT INTELLECTUAL PROPERTY I LP,2012-01-31,31,732717.0,
ATT DELAWARE INTELLECTUAL PROPERTY INC,ATT INTELLECTUAL PROPERTY I LP,2013-05-08,119,732717.0,
ATT DELAWARE INTELLECTUAL PROPERTY INC FKA ATT BLS INTELLECTUAL PROPERTY INC FKA ATT INTELLECTUAL PROPERTY INC FKA BELLSOUTH INTELLECTUAL PROPERTY CORPORATION,ATT INTELLECTUAL PROPERTY I LP,2008-12-10,51,732717.0,
ATT DELAWARE INTELLECTUAL PROPERTY INC FORMERLY KNOWN AS ATT BLS INTELLECTUAL PROPERTY INC WHICH WAS FORMERLY KNOWN AS ATT INTELLECTUAL PROPERTY INC WHICH WAS FORMERLY KNOWN AS BELLSOUTH INTELLECTUAL PROPERTY CORPORATION,ATT INTELLECTUAL PROPERTY I LP,2008-10-15,32,732717.0,
BABIARZ JOSHUA,NATERA INC,2015-04-20,32,,1604821.0
BAE JAEIL,LG ELECTRONICS INC,2020-02-07,37,,2058873.0
BAE SEHWAN,LG ELECTRONICS INC,2020-01-08,24,,2058873.0
BAE SYSTEMS INFORMATION AND ELECTRONIC SYSTEMS INTEGRATION INC,FRANTORF INVESTMENTS GMBH LLC,2008-08-26,35,708781.0,
BAE SYSTEMS INFORMATION AND ELECTRONIC SYSTEMS INTEGRATION INC,WISTERIUM DEVELOPMENT LLC,2009-07-23,24,708781.0,
BAE YONGJUN,LG ELECTRONICS INC,2021-03-30,40,,2058873.0
BAI AILIN,MODERNATX INC,2018-08-31,22,,1682852.0
BAKKE BRIAN E,INTERNATIONAL BUSINESS MACHINES CORPORATION,2014-11-19,24,,51143.0
BALLARD POWER SYSTEMS INC,AUDI AG,2015-05-06,23,1453015.0,
BAMBROGAN BROGAN,HYPERLOOP TECHNOLOGIES INC,2016-01-26,24,,1321834.0
BANIK GARY J,WOLVERINE WORLD WIDE INC,2008-01-10,20,,110471.0
BANKER ADAM NATHAN,FORD GLOBAL TECHNOLOGIES LLC,2013-01-22,27,,932021.0
BASSO ANDREA,ATT LABS INC,2008-07-21,25,,732717.0
BATAILLE MARINE C,APPLE INC,2020-07-01,20,,320193.0
BATAILLOU JEREMY,APPLE INC,2014-12-09,21,,320193.0
BATAILLOU JEREMY,APPLE INC,2015-01-26,39,,320193.0
BATAILLOU JEREMY,APPLE INC,2020-08-12,20,,320193.0
BATAILLOU JEREMY,APPLE INC,2020-11-30,27,,320193.0
BATTEY ROBERT J,STEELCASE INC,2012-10-29,22,,1050825.0
BAXTER INTERNATIONAL INC,BAXALTA GMBH,2015-08-11,121,10456.0,
BAXTER INTERNATIONAL INC,BAXALTA INCORPORATED,2015-08-11,121,10456.0,
BAYS F BARRY,TREACE MEDICAL CONCEPTS INC,2016-10-18,23,,1630627.0
BAZINSKI ANDREW,FORD GLOBAL TECHNOLOGIES LLC,2019-03-27,23,,932021.0
BEAMAN BRIAN S,INTERNATIONAL BUSINESS MACHINES CORPORATION,1993-05-04,38,,51143.0
BEAUSOLEIL SEAN,DROPBOX INC,2016-02-19,20,,1467623.0
BECKMAN BRIAN C,AMAZON TECHNOLOGIES INC,2016-01-15,20,,1321834.0
BEE JENNIFER,NIKE INC,2018-10-26,20,,320187.0
BEENAU BLAYN W,AMERICAN EXPRESS TRAVEL RELATED SERVICES COMPANY INC,2004-07-01,20,,4962.0
BEHMER DARRELL P,FORD GLOBAL TECHNOLOGIES LLC,2016-12-19,21,,932021.0
BEHMER DARRELL P,FORD GLOBAL TECHNOLOGIES LLC,2018-03-28,20,,932021.0
BEHMER DARRELL PAUL,FORD GLOBAL TECHNOLOGIES LLC,2016-01-05,23,,932021.0
BELL HELICOPTER RHODE ISLAND INC,TEXTRON INNOVATIONS INC,2018-01-10,21,,217346.0
BELL HELICOPTER RHODE ISLAND INC,TEXTRON INNOVATIONS INC,2019-01-10,49,,217346.0
BELL HELICOPTER TEXTRON INC,BELL HELICOPTER RHODE ISLAND INC,2019-01-10,47,217346.0,
BELL HELICOPTER TEXTRON INC,TEXTRON INNOVATIONS INC,2013-02-15,27,217346.0,217346.0
BELL HELICOPTER TEXTRON INC,TEXTRON INNOVATIONS INC,2018-01-10,24,217346.0,217346.0
BELL HELICOPTER TEXTRON INC,TEXTRON INNOVATIONS INC,2019-01-10,44,217346.0,217346.0
BELL TEXTRON INC,BELL TEXTRON RHODE ISLAND INC,2020-01-01,58,217346.0,217346.0
BELL TEXTRON INC,BELL TEXTRON RHODE ISLAND INC,2021-01-01,64,217346.0,217346.0
BELL TEXTRON INC,BELL TEXTRON RHODE ISLAND INC,2022-01-02,47,217346.0,217346.0
BELL TEXTRON RHODE ISLAND INC,TEXTRON INNOVATIONS INC,2020-01-01,59,217346.0,217346.0
BELL TEXTRON RHODE ISLAND INC,TEXTRON INNOVATIONS INC,2021-01-01,65,217346.0,217346.0
BELL TEXTRON RHODE ISLAND INC,TEXTRON INNOVATIONS INC,2022-01-02,47,217346.0,217346.0
BELLEY MANON,WOLVERINE WORLD WIDE INC,2003-11-11,21,,110471.0
BELLEY MANON,WOLVERINE WORLD WIDE INC,2005-05-30,21,,110471.0
BELLEY MANON,WOLVERINE WORLD WIDE INC,2006-02-10,31,,110471.0
BELLEY MANON,WOLVERINE WORLD WIDE INC,2006-08-07,27,,110471.0
BELLEY MANON,WOLVERINE WORLD WIDE INC,2007-01-19,31,,110471.0
BELLEY MANON,WOLVERINE WORLD WIDE INC,2007-07-04,33,,110471.0
BELLEY MANON,WOLVERINE WORLD WIDE INC,2008-01-15,34,,110471.0
BELLEY MANON,WOLVERINE WORLD WIDE INC,2008-07-23,21,,110471.0
BELLEY MANON,WOLVERINE WORLD WIDE INC,2008-12-19,21,,110471.0
BENENATO KERRY,MODERNATX INC,2018-08-21,20,,1682852.0
BENHASE MICHAEL T,INTERNATIONAL BUSINESS MACHINES CORPORATION,2013-01-16,20,,51143.0
BENSON JARED T,TMOBILE USA INC,2009-05-07,23,,1283699.0
BERDICHEVSKY EUGENE,SEURAT TECHNOLOGIES INC,2016-10-27,23,,1321834.0
BETANCOURT MELVIN,FORD GLOBAL TECHNOLOGIES LLC,2016-12-19,21,,932021.0
BETANCOURT MELVIN,FORD GLOBAL TECHNOLOGIES LLC,2018-03-28,20,,932021.0
BHAMIDIPATI SOMASEKHAR,RIGEL PHARMACEUTICALS INC,2003-03-04,20,,1034842.0
BHATTACHARYYA ARUP,MICRON TECHNOLOGY INC,2017-07-01,25,,723125.0
BIND THERAPEUTICS INC,PFIZER INC,2016-08-01,40,1001316.0,78003.0
BIOGEN MA INC,BIOVERATIV THERAPEUTICS INC,2017-01-31,42,875045.0,1001316.0
BIOHAVEN PHARMACEUTICAL HOLDING COMPANY LTD,BIOHAVEN THERAPEUTICS LTD,2020-08-04,20,1935979.0,1935979.0
BIOVALVE TECHNOLOGIES INC,VALERITAS LLC,2006-08-22,20,1321834.0,
BISWAS ARNAB,AMERICAN EXPRESS TRAVEL RELATED SERVICES COMPANY INC,2007-04-19,24,,4962.0
BITTING DARYL,EASTMAN CHEMICAL COMPANY,2021-03-26,28,,915389.0
BIVENS JOHN A,INTERNATIONAL BUSINESS MACHINES CORPORATION,2018-07-16,25,,51143.0
BLACKMORE ROBERT S,INTERNATIONAL BUSINESS MACHINES CORPORATION,2008-01-31,23,,51143.0
BLAZING PRODUCTS INC,KING TECHNOLOGY OF MISSOURI INC,2017-11-20,30,,1779474.0
BLUEDATA SOFTWARE INC,HEWLETT PACKARD ENTERPRISE DEVELOPMENT LP,2019-04-30,32,,1645590.0
BOE TECHNOLOGY GROUP CO LTD,BEIJING BOE TECHNOLOGY DEVELOPMENT CO LTD,2022-07-26,70,1852440.0,
BOE TECHNOLOGY GROUP CO LTD,BEIJING BOE TECHNOLOGY DEVELOPMENT CO LTD,2022-08-23,40,1852440.0,
BOE TECHNOLOGY GROUP CO LTD,BEIJING BOE TECHNOLOGY DEVELOPMENT CO LTD,2022-09-20,62,1852440.0,
BOE TECHNOLOGY GROUP CO LTD,BEIJING BOE TECHNOLOGY DEVELOPMENT CO LTD,2022-11-01,40,1852440.0,
BOHM SEBASTIAN,DEXCOM INC,2013-05-22,20,,1093557.0
BONALLE DAVID S,AMERICAN EXPRESS TRAVEL RELATED SERVICES COMPANY INC,2004-07-15,20,,4962.0
BONALLE DAVID S,AMERICAN EXPRESS TRAVEL RELATED SERVICES COMPANY INC,2004-10-06,37,,4962.0
BONATHAN COLIN R,FORD GLOBAL TECHNOLOGIES LLC,2019-10-08,30,,932021.0
BOYAVAL MARGAUX FRANCES,BECTON DICKINSON AND COMPANY,2012-05-16,20,,10795.0
BOYER BRAD ALAN,FORD GLOBAL TECHNOLOGIES LLC,2016-12-16,21,,932021.0
BRADBURY JONATHAN D,INTERNATIONAL BUSINESS MACHINES CORPORATION,2013-01-23,21,,51143.0
BRANDWINE ERIC JASON,AMAZON TECHNOLOGIES INC,2011-01-14,23,,1321834.0
BRANDWINE ERIC JASON,AMAZON TECHNOLOGIES INC,2013-04-01,22,,1321834.0
BRANDWINE ERIC JASON,AMAZON TECHNOLOGIES INC,2013-10-23,22,,1321834.0
BRAUKER JAMES,DEXCOM INC,2005-03-09,30,,1093557.0
BRAUKER JAMES H,DEXCOM INC,2004-01-12,58,,1093557.0
BRAUKER JAMES H,DEXCOM INC,2005-03-25,36,,1093557.0
BRAUKER JAMES H,DEXCOM INC,2006-07-12,25,,1093557.0
BRION TECHNOLOGIES INC,ASML NETHERLANDS BV,2010-04-16,22,1809987.0,
BRISTER MARK,DEXCOM INC,2005-03-09,49,,1093557.0
BRONCUS TECHNOLOGIES INC,ASTHMATX INC,2003-12-26,24,1321834.0,
BRONCUS TECHNOLOGIES INC,BRONCUS MEDICAL INC,2012-06-08,23,1321834.0,
BROVER VYACHESLAV,CERES INC,2006-05-03,23,,14707.0
BROWN STEPHEN C,VIEW INC,2016-03-04,28,,1865429.0
BUCHER GEORGE,FORD GLOBAL TECHNOLOGIES LLC,2015-10-14,25,,932021.0
BUCHER GEORGE,FORD GLOBAL TECHNOLOGIES LLC,2016-11-01,21,,932021.0
BUCHER GEORGE,FORD GLOBAL TECHNOLOGIES LLC,2017-01-30,31,,932021.0
BUCHER GEORGE,FORD GLOBAL TECHNOLOGIES LLC,2018-01-10,28,,932021.0
BUCHER GEORGE,FORD GLOBAL TECHNOLOGIES LLC,2019-03-21,30,,932021.0
BUER KENNETH V,VIASAT INC,2017-09-13,32,,797721.0
BUSBY DON,BAXTER INTERNATIONAL INC,2005-01-26,28,,10456.0
BUSH WILLIAM H,SONOS INC,2014-06-27,20,,1314727.0
CACHERIA ANTHONY M III,GANART TECHNOLOGIES INC,2010-01-14,21,,1321834.0
CADENT LTD,ALIGN TECHNOLOGY INC,2014-10-28,24,,1097149.0
CALDWELL ANDREW,CADENCE DESIGN SYSTEMS INC,2003-05-08,24,,813672.0
CALYPSO MEDICAL TECHNOLOGIES INC,VARIAN MEDICAL SYSTEMS INC,2011-11-15,44,1321834.0,
CAMPBELL ANNMARIE,FORMA THERAPEUTICS INC,2016-06-15,20,,1001316.0
CAMPI JOHN B JR,INTERNATIONAL BUSINESS MACHINES CORPORATION,2014-11-17,21,,51143.0
CANAVOR DARREN ERNEST,AMAZON TECHNOLOGIES INC,2015-03-16,20,,1321834.0
CAO DENSEN,CAO GROUP INC,2002-07-02,26,,1419559.0
CAO DENSEN,CAO GROUP INC,2015-05-29,23,,1419559.0
CAPITAL ONE FINANCIAL CORPORATION,CAPITAL ONE SERVICES LLC,2014-11-18,458,1725033.0,
CAPITAL ONE FINANCIAL CORPORATION,CAPITAL ONE SERVICES LLC,2017-12-31,237,1725033.0,
CAPSTONE SURGICAL TECHNOLOGIES LLC,GLOBUS MEDICAL INC,2021-11-04,33,,1237831.0
CARAVELLA JUSTIN ANDREW,FORMA THERAPEUTICS INC,2016-06-17,20,,1001316.0
CARBIS DEAN,FORD GLOBAL TECHNOLOGIES LLC,2015-11-15,25,,932021.0
CARBIS DEAN,FORD GLOBAL TECHNOLOGIES LLC,2016-11-01,21,,932021.0
CARBIS DEAN,FORD GLOBAL TECHNOLOGIES LLC,2018-01-10,28,,932021.0
CARDANI JASON,NIKE INC,2015-06-25,44,,320187.0
CAREY JAMES E,INTERNATIONAL BUSINESS MACHINES CORPORATION,1984-05-21,23,,51143.0
CARLONE MARIO ROSARIO JR,PIONEER HIBRED INTERNATIONAL INC,2011-02-25,25,,105319.0
CARLONE MARIO ROSARIO JR,PIONEER HIBRED INTERNATIONAL INC,2012-02-01,35,,105319.0
CARRBRENDEL VICTORIA,DEXCOM INC,2004-01-12,50,,1093557.0
CARRBRENDEL VICTORIA,DEXCOM INC,2005-03-21,29,,1093557.0
CARRIGAN LORI LISA,PIONEER HIBRED INTERNATIONAL INC,2012-02-01,20,,105319.0
CASEBIA THERAPEUTICS LIMITED LIABILITY PARTNERSHIP,CRISPR THERAPEUTICS AG,2020-01-16,20,,1674416.0
CASELLA WASTE SYSTEMS INC,FCR LLC,2011-01-25,21,911177.0,
CASWELL JOHN C,FORD GLOBAL TECHNOLOGIES LLC,2018-04-03,21,,932021.0
CATERPILLAR TRACTOR CO A CORP OF CA,CATERPILLAR INC A CORP OF DE,1986-04-28,35,,18230.0
CHALLITAEID PIA M,AGENSYS INC,2002-05-06,52,,924383.0
CHANDRARATNA ROSHANTHA A,IO THERAPEUTICS INC,2017-04-26,27,,1840233.0
CHANG GREGORY P,DRAGONFLY THERAPEUTICS INC,2019-09-30,30,,1001316.0
CHANG LEO S,NIKE INC,2015-08-24,21,,320187.0
CHANG LEO S,NIKE INC,2016-06-26,22,,320187.0
CHAO POWEI,REALTEK SEMICONDUCTOR CORP,2006-12-26,24,,1097864.0
CHARVAT GREGORY L,HYPERFINE RESEARCH INC,2015-10-27,21,,1833769.0
CHASE MANHATTAN BANK USA NA,JPMORGAN CHASE BANK NA,2006-08-02,47,,19617.0
CHAUDHRI IMRAN,APPLE INC,2014-01-24,30,,320193.0
CHAUDHRI IMRAN,APPLE INC,2015-02-20,23,,320193.0
CHEE EUNYOUNG,LG ELECTRONICS INC,2017-03-10,32,,2058873.0
CHEE EUNYOUNG,LG ELECTRONICS INC,2019-08-19,21,,2058873.0
CHEN DAWEI,ACHILLION PHARMACEUTICALS INC,2016-03-11,26,,1691082.0
CHEN TIANSHI,SHANGHAI CAMBRICON INFORMATION TECHNOLOGY CO LTD,2019-09-20,24,,2085372.0
CHEN XIAOCHUAN,BOE TECHNOLOGY GROUP CO LTD,2016-05-31,24,,1852440.0
CHEN XIAOCHUAN,BOE TECHNOLOGY GROUP CO LTD,2017-04-27,26,,1852440.0
CHEN ZHONGWEI,HERMES MICROVISION INC,2016-12-21,26,,65770.0
CHENG KANGGUO,INTERNATIONAL BUSINESS MACHINES CORPORATION,2015-03-21,22,,51143.0
CHENG KANGGUO,INTERNATIONAL BUSINESS MACHINES CORPORATION,2016-06-24,20,,51143.0
CHENNUPATI VIJAYA S,JOHNSON CONTROLS TECHNOLOGY COMPANY,2018-09-25,23,,200406.0
CHEUNG ANN F,DRAGONFLY THERAPEUTICS INC,2019-09-18,30,,1001316.0
CHEUNG YUNWA W,DOW GLOBAL TECHNOLOGIES INC,2006-03-10,23,,1751788.0
CHHABRA BHUMIKA,MICRON TECHNOLOGY INC,2021-02-16,20,,723125.0
CHIANG KYLE P,ATYR PHARMA INC,2013-07-11,36,,1339970.0
CHILDERS ROBERT W,BAXTER INTERNATIONAL INC,2005-01-25,28,,10456.0
CHILDERS ROBERT W,BAXTER INTERNATIONAL INC,2008-07-17,24,,10456.0
CHO HYEON CHEOL,LG ELECTRONICS INC,2008-12-29,25,,2058873.0
CHO KANGEUI,LG ELECTRONICS INC,2020-01-08,24,,2058873.0
CHOI IN HWAN,LG ELECTRONICS INC,2001-08-08,24,,2058873.0
CHOI IN HWAN,LG ELECTRONICS INC,2006-09-29,22,,2058873.0
CHOI IN HWAN,LG ELECTRONICS INC,2007-05-07,24,,2058873.0
CHOI IN HWAN,LG ELECTRONICS INC,2007-07-04,36,,2058873.0
CHOI IN HWAN,LG ELECTRONICS INC,2007-07-26,31,,2058873.0
CHOI IN HWAN,LG ELECTRONICS INC,2008-03-04,23,,2058873.0
CHOI IN HWAN,LG ELECTRONICS INC,2008-08-27,50,,2058873.0
CHOI IN HWAN,LG ELECTRONICS INC,2008-10-13,68,,2058873.0
CHOI IN HWAN,LG ELECTRONICS INC,2008-11-19,28,,2058873.0
CHOI JANGWON,LG ELECTRONICS INC,2021-12-27,23,,2058873.0
CHOI JUNGAH,LG ELECTRONICS INC,2021-12-27,21,,2058873.0
CHOI KYUKWAN,LG ELECTRONICS INC,2020-12-21,24,,2058873.0
CHRISTENSEN CARLA L,MICRON TECHNOLOGY INC,2021-03-15,22,,723125.0
CHUMSAE CHRISTOPHER,ABBVIE INC,2014-09-03,21,,1551152.0
CHUN SUNGDUCK,LG ELECTRONICS INC,2009-07-28,24,,2058873.0
CIRRUS LOGIC INTERNATIONAL SEMICONDUCTOR LTD,CIRRUS LOGIC INC,2015-03-29,60,1940941.0,772406.0
CIRRUS LOGIC INTERNATIONAL SEMICONDUCTOR LTD,CIRRUS LOGIC INC,2015-04-07,728,1940941.0,772406.0
CIRRUS LOGIC INTERNATIONAL SEMICONDUCTOR LTD,CIRRUS LOGIC INC,2017-06-05,42,1940941.0,772406.0
CLARK THOMAS R,MOHAWK INDUSTRIES INC,2012-12-24,22,,851968.0
CLEARWATER NETWORKS INC,MIPS TECHNOLOGIES INC,2002-12-17,26,,1321834.0
CLEVERSAFE INC,INTERNATIONAL BUSINESS MACHINES CORPORATION,2015-11-06,73,,51143.0
CLEVERSAFE INC,INTERNATIONAL BUSINESS MACHINES CORPORATION,2016-04-05,52,,51143.0
CLOUTIER BRUCE S,DYNAMICS INC,2008-12-18,37,,1022671.0
CODD DANIEL SHAWN,DEXCOM INC,2005-03-08,21,,1093557.0
COMPX INTERNATIONAL INC,WATERLOO FURNITURE COMPONENTS LIMITED,2011-03-24,22,1049606.0,
CONEXANT SYSTEMS INC,MINDSPEED TECHNOLOGIES INC,2003-06-27,33,,1321834.0
CONEXANT SYSTEMS INC,SIRF TECHNOLOGY HOLDINGS INC,2001-09-21,25,,1779474.0
CONNELL GARY WAYNE,EASTMAN CHEMICAL COMPANY,2006-03-24,43,,915389.0
CONOCOPHILLIPS COMPANY,CHINA PETROLEUM CHEMICAL CORPORATION,2007-07-31,23,1163165.0,1123658.0
CONSERT INC,LANDISGYR TECHNOLOGY INC,2017-03-10,21,,1779474.0
CONSTANTIN TUDOR POMPILIU,NATERA INC,2015-04-20,32,,1604821.0
CONVATEC INC,CONVATEC TECHNOLOGIES INC,2008-10-28,30,,1321834.0
CONVIDA WIRELESS LLC,INTERDIGITAL PATENT HOLDINGS INC,2022-04-09,79,,1405495.0
COOKE EVAN,TWILIO INC,2012-10-03,23,,1447669.0
COOPER THOMAS G,INTUITIVE SURGICAL INC,2007-11-14,25,,1035267.0
CORBIN THOMAS C,PIONEER HIBRED INTERNATIONAL INC,2010-04-23,21,,105319.0
CORBIN THOMAS C,PIONEER HIBRED INTERNATIONAL INC,2013-02-06,20,,105319.0
CORNING PHOTONIC TECHNOLOGIES INC,AVANEX CORPORATION,2003-07-31,140,1321834.0,
COSTER DANIEL J,APPLE COMPUTER INC,2005-10-18,22,,320193.0
COSTER DANIEL J,APPLE INC,2007-12-20,35,,320193.0
COSTER DANIEL J,APPLE INC,2014-12-09,21,,320193.0
COSTER DANIEL J,APPLE INC,2015-01-21,39,,320193.0
COTTELL JEROMY J,GILEAD SCIENCES INC,2013-10-09,23,,882095.0
CRADDOCK DAVID F,INTERNATIONAL BUSINESS MACHINES CORPORATION,2015-10-02,25,,51143.0
CRAWFORD EMMETT DUDLEY,EASTMAN CHEMICAL COMPANY,2006-03-24,43,,915389.0
CRAY INC,HEWLETT PACKARD ENTERPRISE DEVELOPMENT LP,2020-07-30,36,,1645590.0
CREAMER THOMAS E,INTERNATIONAL BUSINESS MACHINES CORPORATION,2003-12-15,20,,51143.0
CRONIN CHRISTOPHER J,VIASAT INC,2017-09-13,23,,797721.0
CROSS TORY M,NIKE INC,2015-04-16,20,,320187.0
CRUANES THIERRY,SNOWFLAKE COMPUTING INC,2014-10-20,43,,1640147.0
CRUANES THIERRY,SNOWFLAKE COMPUTING INC,2015-03-09,32,,1640147.0
CTRLLABS CORPORATION,FACEBOOK TECHNOLOGIES INC,2020-01-16,20,,1321834.0
CUI YAN YUN,JOHNSON ELECTRIC SA,2016-07-29,25,,200406.0
CURIC KEMAL,FORD GLOBAL TECHNOLOGIES LLC,2018-04-10,31,,932021.0
CURIC KEMAL,FORD GLOBAL TECHNOLOGIES LLC,2019-03-10,28,,932021.0
CURIS INC,STRYKER CORPORATION,2007-12-26,30,1108205.0,
DAGEVILLE BENOIT,SNOWFLAKE COMPUTING INC,2014-10-20,44,,1640147.0
DAGEVILLE BENOIT,SNOWFLAKE COMPUTING INC,2015-03-09,32,,1640147.0
DAMIANO EDWARD R,BETA BIONICS INC,2020-10-02,27,,1674632.0
DAMORE MASSIMO F,PEPSICO INC,2012-02-28,20,,77476.0
DASGUPTA SUKRIT,CISCO TECHNOLOGY INC,2013-06-20,21,,1779474.0
DAVIDSON BENJAMIN R,HONDA MOTOR CO LTD,2006-12-18,20,,715153.0
DAYTON PAUL,TREACE MEDICAL CONCEPTS INC,2016-09-17,24,,1630627.0
DE IULIIS DANIELE,APPLE COMPUTER INC,2005-10-18,21,,320193.0
DE IULIIS DANIELE,APPLE INC,2007-12-13,20,,320193.0
DE IULIIS DANIELE,APPLE INC,2014-12-08,20,,320193.0
DE IULIIS DANIELE,APPLE INC,2015-01-26,39,,320193.0
DE PEYSTER DAMON G,FORD GLOBAL TECHNOLOGIES LLC,2017-03-10,21,,932021.0
DE RUIJTER COR,TECHNOLOGIES HOLDINGS CORP,2012-04-12,42,,2186.0
DEAN MARTIN WF,WOLVERINE WORLD WIDE INC,2005-05-28,20,,110471.0
DEAN MARTIN WF,WOLVERINE WORLD WIDE INC,2006-08-07,43,,110471.0
DEAN MARTIN WF,WOLVERINE WORLD WIDE INC,2007-07-20,26,,110471.0
DEAN MARTIN WF,WOLVERINE WORLD WIDE INC,2008-01-28,25,,110471.0
DECADE INDUSTRIES INC DBA SANUS SYSTEMS,CSAV INC,2006-05-23,20,72162.0,
DELPHI TECHNOLOGIES INC,APTIV TECHNOLOGIES LIMITED,2018-01-01,20,1321834.0,
DELPHI TECHNOLOGIES INC,AUTOLIV DEVELOPMENT AB,2010-07-02,21,1321834.0,
DELPHI TECHNOLOGIES INC,GOOGLE INC,2011-06-24,37,1321834.0,
DEMKIW JORDAN,FORD GLOBAL TECHNOLOGIES LLC,2018-09-26,29,,932021.0
DEMUTH JAMES A,SEURAT TECHNOLOGIES INC,2016-10-26,24,,1321834.0
DEPEYSTER DAMON G,FORD GLOBAL TECHNOLOGIES LLC,2018-06-19,61,,932021.0
DERGINS SCOTT,BROYHILL FURNITURE INDUSTRIES INC,2003-06-20,25,,72162.0
DERGINS SCOTT,BROYHILL FURNITURE INDUSTRIES INC,2004-03-25,20,,72162.0
DESHPANDE MILIND,ACHILLION PHARMACEUTICALS INC,2016-03-14,26,,1691082.0
DEWITT DAVID,FORD GLOBAL TECHNOLOGIES LLC,2018-01-11,34,,932021.0
DIEBEL MARKUS,APPLE INC,2020-07-01,20,,320193.0
DIEBOLD R BRUCE,FORMA THERAPEUTICS INC,2016-06-17,20,,1001316.0
DIGITAL CONTROL INC,MERLIN TECHNOLOGY INC,2003-05-01,96,,1779474.0
DIGITAL CONTROL INCORPORATED,MERLIN TECHNOLOGY INC,2003-05-01,41,,1779474.0
DIN SHAHID,BAXTER INTERNATIONAL INC,2005-01-31,22,,10456.0
DOBIE KENNETH W,ISIS PHARMACEUTICALS INC,2002-12-04,26,,874015.0
DODSON JOHN S,INTERNATIONAL BUSINESS MACHINES CORPORATION,1997-04-14,21,,51143.0
DODSON JOHN S,INTERNATIONAL BUSINESS MACHINES CORPORATION,1999-11-08,20,,51143.0
DOERING JEFFREY ALLEN,FORD GLOBAL TECHNOLOGIES LLC,2013-02-05,24,,932021.0
DOLBY CANADA CORPORATION,DOLBY LABORATORIES LICENSING CORPORATION,2007-12-05,47,,1308547.0
DOLBY INTERNATIONAL AB,DOLBY LABORATORIES LICENSING CORPORATION,2017-08-23,25,,1308547.0
DOLBY LABORATORIES INC,DOLBY LABORATORIES LICENSING CORPORATION,2003-09-05,55,1308547.0,1308547.0
DOMACK RANDY D,ASHLEY FURNITURE INDUSTRIES INC,2006-03-10,27,,72162.0
DOMKE MICHAEL CHRISTOPHER,GENERAL ELECTRIC COMPANY,2013-01-09,20,,40545.0
DONG XUE,BOE TECHNOLOGY GROUP CO LTD,2015-05-11,23,,1852440.0
DORANDISHYAZDI OMEAD,FORD GLOBAL TECHNOLOGIES LLC,2019-10-09,25,,932021.0
DORNER CHARLES SHEARER,AMAZON TECHNOLOGIES INC,2014-08-14,26,,1321834.0
DORSEY JACK,SQUARE INC,2011-12-21,20,,1794776.0
DOUGHTY FREDERIC C,BLACK DECKER INC,1995-09-19,22,,93556.0
DOW GLOBAL TECHNOLOGIES INC,DOW GLOBAL TECHNOLOGIES LLC,2010-12-31,20,1751788.0,932021.0
DOW GLOBAL TECHNOLOGIES LLC,BLUE CUBE IP LLC,2015-09-30,21,932021.0,
DOW GLOBAL TECHNOLOGIES LLC,THE DOW CHEMICAL COMPANY,2018-11-01,71,932021.0,
DOW PHARMACEUTICAL SCIENCES INC,BAUSCH HEALTH IRELAND LIMITED,2018-12-03,38,1751788.0,
DPAC TECHNOLOGIES CORP FORMERLY KNOWN AS DENSEPAC MICROSYSTEMS INC,STAKTEK GROUP LP,2004-06-09,25,2186.0,
DRAEGER RIAN,DEXCOM INC,2015-01-21,20,,1093557.0
DUA BHUPESH,NIKE INC,2004-07-21,21,,320187.0
DUNN WILLIAM,MANUFACTURING RESOURCES INTERNATIONAL INC,2015-07-16,23,,105319.0
DUNN WILLIAM,MANUFACTURING RESOURCES INTERNATIONAL INC,2016-08-31,35,,105319.0
DURFLINGER NATE,NIKE INC,2020-08-12,20,,320187.0
DYE ALAN C,APPLE INC,2015-01-30,33,,320193.0
DYLLA SCOTT J,STEM CENTRX INC,2013-02-22,32,,1758766.0
EBAY INC,PAYPAL INC,2015-07-17,637,1065088.0,1633917.0
ECASH TECHNOLOGIES INC,INFOSPACE INC,2002-02-07,22,1321834.0,
ECOLAB INC,ECOLAB USA INC,2009-01-01,349,31462.0,31462.0
ECOLAB USA INC,CHAMPIONX USA INC,2020-08-25,63,31462.0,
EDWARDS JAMES P,LIGAND PHARMACEUTICALS INC,2000-09-22,36,,886163.0
EDWARDS WEBB,GANART TECHNOLOGIES INC,2010-01-13,21,,1321834.0
EL SAYYID WALEED MUTASEM,BAXTER INTERNATIONAL INC,2005-02-04,26,,10456.0
ELAN PHARMACEUTICALS INC,NEURALAB LIMITED,2000-04-20,33,1023024.0,
ELAN PHARMACEUTICALS INC,NEURALAB LIMITED,2000-10-02,21,1023024.0,
ELDEM CAN,NIKE INC,2019-06-27,20,,320187.0
ELKHATIB FIRAS H,BETA BIONICS INC,2020-09-27,25,,1674632.0
ELLIPSE TECHNOLOGIES INC,NUVASIVE INC,2016-01-04,66,1321834.0,
EMERSON ELECTRIC CO,NIDEC MOTOR CORPORATION,2010-09-24,34,32604.0,
EMMANUEL JOSEPH AMALAN ARUL,NETGEAR INC,2018-12-18,24,,1122904.0
EMPHASYS MEDICAL INC,PULMONX,2009-03-31,44,,1127537.0
ENDEAVORS TECHNOLOGIES INC,NUMECENT HOLDINGS INC,2012-10-22,22,1321834.0,
ENTEGRIS CAYMEN LTD,ENTEGRIS INC,2004-02-18,25,,1101302.0
ERICSSON ANNA,FORMA THERAPEUTICS INC,2016-06-17,20,,1001316.0
ERNESAKS ANITA,CANADIAN NATIONAL RAILWAY COMPANY,2002-07-17,21,,16868.0
ERWIN RONALD D,ERWIN INDUSTRIES INC,2001-09-17,21,,72162.0
ESSENTIAL INC,SIEMENS HEALTHCARE DIAGNOSTICS INC,2016-09-27,20,78128.0,
ETEC SYSTEMS INC,APPLIED MATERIALS INC,2001-06-15,30,,6951.0
EUBANK LANE A,NATERA INC,2015-04-20,32,,1604821.0
EVERETT CHARLES STUART,EASTMAN CHEMICAL COMPANY,2019-09-19,33,,915389.0
EVERSON TERRY A,ASHLEY FURNITURE INDUSTRIES INC,2006-03-10,31,,72162.0
EVRYX TECHNOLOGIES INC,EVRYX ACQUISITION LLC,2011-02-23,117,1321834.0,
EXCELSIUS SURGICAL LLC,GLOBUS MEDICAL INC,2013-12-23,30,,1237831.0
EYEVERIFY INC,ALIBABA GROUP HOLDING LIMITED,2020-01-09,42,,1577552.0
FABRIZIUS MARTIN A,PIONEER HIBRED INTERNATIONAL INC,2010-04-20,23,,105319.0
FABRIZIUS MARTIN A,PIONEER HIBRED INTERNATIONAL INC,2011-02-25,21,,105319.0
FABRIZIUS MARTIN A,PIONEER HIBRED INTERNATIONAL INC,2012-02-08,26,,105319.0
FARIS MARY,AGENSYS INC,2002-05-06,50,,924383.0
FEES HEINER,SEURAT TECHNOLOGIES INC,2016-10-26,22,,1321834.0
FELDMANN KENNETH,CERES INC,2006-05-03,23,,14707.0
FIELDS SETH W,AMERICAN EXPRESS TRAVEL RELATED SERVICES COMPANY INC,2004-07-07,20,,4962.0
FIFE KEITH G,BUTTERFLY NETWORK INC,2014-03-25,24,,1804176.0
FINGERWORKS INC,APPLE INC,2007-08-31,32,,320193.0
FISHER CHRISTOPHER EUGENE,AEROVIRONMENT INC,2016-03-31,24,,1368622.0
FLEX LTD,THE SOLARIA CORPORATION,2019-09-18,48,866374.0,
FLITSCH FREDERICK A,JOHNSON JOHNSON VISION CARE INC,2013-04-18,24,,200406.0
FMC CORPORATION,FMC TECHNOLOGIES INC,2001-11-26,20,,1321834.0
FOGEL KEITH E,INTERNATIONAL BUSINESS MACHINES CORPORATION,1993-05-03,38,,51143.0
FOORD ORIT,STEM CENTRX INC,2013-02-22,32,,1758766.0
FORD MOTOR COMPANY,FORD GLOBAL TECHNOLOGIES LLC,2004-08-11,22,,932021.0
FORD MOTOR COMPANY,FORD GLOBAL TECHNOLOGIES LLC,2006-02-08,20,,932021.0
FORD MOTOR COMPANY,FORD GLOBAL TECHNOLOGIES LLC,2006-04-03,20,,932021.0
FOSTER MICHAEL,ALLISON TRANSMISSION INC,2015-04-17,23,,1411207.0
FOXCONN INTERNATIONAL INC,HON HAI PRECISION INDUSTRY CO LTD,1995-10-12,35,105319.0,
FREELINC TECHNOLOGIES INC,FREELINC HOLDINGS LLC,2019-07-31,23,1321834.0,
FREESCALE SEMICONDUCTOR INC,APPLE INC,2011-04-11,22,,320193.0
FRENRY COMPANY INC THE,FLORIDA POOL PRODUCTS INC A CORP OF FL,1990-11-29,27,,945841.0
FROLIKOV ALEX,MICRON TECHNOLOGY INC,2018-04-30,37,,723125.0
FUTUREWEI TECHNOLOGIES INC,HUAWEI TECHNOLOGIES CO LTD,2009-01-01,21,1321834.0,
FUTUREWEI TECHNOLOGIES INC,HUAWEI TECHNOLOGIES CO LTD,2019-04-20,51,1321834.0,
FUTUREWEI TECHNOLOGIES INC,HUAWEI TECHNOLOGIES CO LTD,2021-11-02,25,1321834.0,
GADHACHANDA VENKAT RAO,ACHILLION PHARMACEUTICALS INC,2016-03-11,25,,1691082.0
GAINEY CHARLES W JR,INTERNATIONAL BUSINESS MACHINES CORPORATION,1970-02-02,22,,51143.0
GANDHAM SHASHIDHAR,CISCO TECHNOLOGY INC,2016-07-11,29,,1779474.0
GANT THOMAS G,AUSPEX PHARMACEUTICALS INC,2010-01-07,41,,1691082.0
GANTZ JEREMY,NIKE INC,2018-10-18,23,,320187.0
GAO JIAN,BOE TECHNOLOGY GROUP CO LTD,2017-04-27,21,,1852440.0
GARCIA GUSTAVO MARCELO,PIONEER HIBRED INTERNATIONAL INC,2011-02-03,20,,105319.0
GARDNER MARK I,ADVANCED MICRO DEVICES INC,1997-12-17,21,,2488.0
GAUTHIER ROBERT J JR,INTERNATIONAL BUSINESS MACHINES CORPORATION,2014-11-17,21,,51143.0
GE FINANCIAL ASSURANCE HOLDINGS INC,GENWORTH FINANCIAL INC,2004-05-24,85,1397911.0,1276520.0
GE MEDICAL SYSTEMS GLOBAL TECHNOLOGY COMPANY LLC,GENERAL ELECTRIC COMPANY,2003-03-31,75,,40545.0
GE WANGMAO,AGENSYS INC,2002-05-06,40,,924383.0
GEMELOS GEORGE,NATERA INC,2015-04-17,30,,1604821.0
GENERAL ELECTRIC COMPANY,ABB SCHWEIZ AG,2018-07-20,28,40545.0,
GENERAL ELECTRIC COMPANY,BAKER HUGHES A GE COMPANY LLC,2017-07-03,26,40545.0,
GENERAL ELECTRIC COMPANY,GE GLOBAL SOURCING LLC,2018-11-01,92,40545.0,
GENERAL ELECTRIC COMPANY,GE GLOBAL SOURCING LLC,2019-02-25,29,40545.0,
GENERAL ELECTRIC COMPANY,GLOBAL LIFE SCIENCES SOLUTIONS USA LLC,2020-03-20,22,40545.0,
GENERAL ELECTRIC COMPANY,HAIER US APPLIANCE SOLUTIONS INC,2016-06-06,49,40545.0,
GENERAL ELECTRIC COMPANY,SABIC INNOVATIVE PLASTICS IP BV,2007-08-31,21,40545.0,
GEO LABS INC,GEO ACQUISITION CORP,1999-12-21,33,,1998781.0
GERHARD ADRIAN C,INTERNATIONAL BUSINESS MACHINES CORPORATION,2014-11-19,24,,51143.0
GHOSH KOUSHIK,EASTMAN CHEMICAL COMPANY,2019-09-10,25,,915389.0
GIBSON ALEX OCONNOR,FORD GLOBAL TECHNOLOGIES LLC,2013-02-20,31,,932021.0
GIEGEL JOSHUA,HYPERLOOP TECHNOLOGIES INC,2016-01-26,24,,1321834.0
GILEAD PHARMASSET LLC,GILEAD SCIENCES INC,2021-10-20,38,,882095.0
GILEAD SCIENCES INC,GILEAD PHARMASSET LLC,2014-04-11,20,882095.0,
GILMORE STEVEN,FORD GLOBAL TECHNOLOGIES LLC,2018-01-10,20,,932021.0
GLOVER KRISTOPHER,GANART TECHNOLOGIES INC,2010-01-13,21,,1321834.0
GMEDELAWARE 2 LLC,GLOBUS MEDICAL INC,2015-11-30,36,,1237831.0
GNUBIO INC,BIORAD LABORATORIES INC,2017-05-08,21,,12208.0
GOKHALE PARAG,COMMVAULT SYSTEMS INC,2008-05-12,32,,1169561.0
GOKHALE PARAG,COMMVAULT SYSTEMS INC,2008-09-12,28,,1169561.0
GOLDFINGER TECHNOLOGIES LLC,AKRION TECHNOLOGIES INC,2006-01-25,50,,1964979.0
GOOD TECHNOLOGY SOFTWARE INC,GOOD TECHNOLOGY HOLDINGS LIMITED,2016-05-27,25,1779474.0,
GOODE PAUL V,DEXCOM INC,2005-03-28,27,,1093557.0
GOODE PAUL V JR,DEXCOM INC,2004-01-12,54,,1093557.0
GRACENOTE INC,ROKU INC,2021-04-15,34,,1428439.0
GRADY LEO,HEARTFLOW INC,2017-02-16,23,,1464521.0
GRAKE JAMES,FORD GLOBAL TECHNOLOGIES LLC,2017-01-30,31,,932021.0
GRAKE JAMES,FORD GLOBAL TECHNOLOGIES LLC,2019-03-21,30,,932021.0
GRAY WILLIAM J,AMERICAN EXPRESS TRAVEL RELATED SERVICES COMPANY INC,2004-07-12,20,,4962.0
GREENBERGER JEREMY A,INTERNATIONAL BUSINESS MACHINES CORPORATION,2014-08-25,23,,51143.0
GREENE LESLIE ANN,ATYR PHARMA INC,2013-07-11,40,,1339970.0
GREINER DAN F,INTERNATIONAL BUSINESS MACHINES CORPORATION,2008-01-10,22,,51143.0
GRIFFITHS PAUL G,INTUITIVE SURGICAL OPERATIONS INC,2015-09-25,20,,1035267.0
GROENSMA YPE,TECHNOLOGIES HOLDINGS CORP,2011-04-26,55,,2186.0
GROHMAN WOJCIECH,LENNOX INDUSTRIES INC,2009-10-20,26,,72162.0
GROTE EDWIN MICHAEL,PIONEER HIBRED INTERNATIONAL INC,2011-02-24,20,,105319.0
GRUBSTEIN KATHERINE YERRE,DEXCOM INC,2014-12-16,22,,1093557.0
GSCHWIND MICHAEL KARL,INTERNATIONAL BUSINESS MACHINES CORPORATION,2014-01-22,25,,51143.0
GU YOUNG MO,LG ELECTRONICS INC,2001-08-08,26,,2058873.0
GUARRAIA MARK JOSEPH,BECTON DICKINSON AND COMPANY,2012-05-16,20,,10795.0
GUPTA LOKESH M,INTERNATIONAL BUSINESS MACHINES CORPORATION,2012-12-06,20,,51143.0
GUSTAFSON GARY,FORMA THERAPEUTICS INC,2016-06-16,20,,1001316.0
GUTIERREZ ROMAN C,TESSERA MEMS TECHNOLOGIES INC,2010-11-10,22,,1321834.0
HA JIUG,LG ELECTRONICS INC,2020-01-08,24,,2058873.0
HA YOUNGSOO,LG ELECTRONICS INC,2013-07-22,20,,2058873.0
HA YOUNGSOO,LG ELECTRONICS INC,2017-03-10,32,,2058873.0
HA YOUNGSOO,LG ELECTRONICS INC,2020-02-07,37,,2058873.0
HAGGERTY KATHLEEN,AMERICAN EXPRESS TRAVEL RELATED SERVICES COMPANY INC,2006-10-25,24,,4962.0
HAGGERTY KATHLEEN,AMERICAN EXPRESS TRAVEL RELATED SERVICES COMPANY INC,2008-03-10,29,,4962.0
HAMBALI GREGORI G,KERRYS BROMELIAD NURSERY INC DBA TWYFORD INTERNATIONAL,2007-01-17,20,,105319.0
HAN JONGHEE,LG ELECTRONICS INC,2013-07-19,20,,2058873.0
HAN JONGKI,SK TELECOM CO LTD,2013-06-03,31,,1015650.0
HAN SONGYI,LG ELECTRONICS INC,2016-12-29,27,,2058873.0
HAN SUNGKYONG,LG ELECTRONICS INC,2020-01-08,24,,2058873.0
HANEY WILLIAM,DRAGONFLY THERAPEUTICS INC,2019-09-18,31,,1001316.0
HANGZHOU H3C TECHNOLOGIES CO LTD,HEWLETT PACKARD ENTERPRISE DEVELOPMENT LP,2016-05-01,63,,1645590.0
HANKEY M EVANS,APPLE INC,2014-12-12,21,,320193.0
HANKEY M EVANS,APPLE INC,2015-01-31,39,,320193.0
HANKEY M EVANS,APPLE INC,2020-08-18,20,,320193.0
HANKEY M EVANS,APPLE INC,2020-12-14,27,,320193.0
HARNEJA SANCHAY,CISCO TECHNOLOGY INC,2017-08-11,33,,1779474.0
HASHIMOTO AKIHIRO,ACHILLION PHARMACEUTICALS INC,2016-03-11,26,,1691082.0
HAUBERG JONATHAN C,DAYTON TECHNOLOGIES INC,2000-04-06,29,,1321834.0
HAWAII BIOTECH INC,CARDAX PHARMACEUTICALS INC,2006-08-08,29,,1691082.0
HCA HEALTHCARE INC,CHCA INC,2019-11-18,23,860730.0,
HEADWAY TECHNOLOGIES INC,TAIWAN SEMICONDUCTOR MANUFACTURING COMPANY LTD,2019-02-04,60,1321834.0,1046179.0
HEAP ANTHONY H,GM GLOBAL TECHNOLOGY OPERATIONS INC,2008-09-16,24,,1779474.0
HEFFNER ELLIOT LEE,PIONEER HIBRED INTERNATIONAL INC,2020-03-19,24,,105319.0
HENDRY HENDRY,LG ELECTRONICS INC,2014-03-15,20,,2058873.0
HENDRY HENDRY,LG ELECTRONICS INC,2014-03-17,29,,2058873.0
HENDRY HENDRY,LG ELECTRONICS INC,2022-01-05,44,,2058873.0
HENKE GARY EDWARD,PIONEER HIBRED INTERNATIONAL INC,2011-02-22,20,,105319.0
HENKE GARY EDWARD,PIONEER HIBRED INTERNATIONAL INC,2020-03-07,20,,105319.0
HENRY JOSHUA,FORD GLOBAL TECHNOLOGIES LLC,2019-01-24,23,,932021.0
HERMES MICROVISION INC,HERMES MICROVISION INCORPORATED BV,2018-12-19,67,65770.0,
HEWLETT PACKARD ENTERPRISE DEVELOPMENT LP,ENTIT SOFTWARE LLC,2017-03-02,151,1645590.0,
HEWLETT PACKARD ENTERPRISE DEVELOPMENT LP,ENTIT SOFTWARE LLC,2017-04-05,23,1645590.0,
HEWLETTPACKARD DEVELOPMENT COMPANY LP,HEWLETT PACKARD ENTERPRISE DEVELOPMENT LP,2015-10-02,91,,1645590.0
HEWLETTPACKARD DEVELOPMENT COMPANY LP,HEWLETT PACKARD ENTERPRISE DEVELOPMENT LP,2015-10-27,1380,,1645590.0
HGST NETHERLANDS BV,WESTERN DIGITAL TECHNOLOGIES INC,2016-08-31,108,,1321834.0
HIGHLAND THERAPEUTICS INC,IRONSHORE PHARMACEUTICALS DEVELOPMENT INC,2013-11-14,20,1001316.0,1691082.0
HILL MATTHEW,NATERA INC,2015-04-17,33,,1604821.0
HISTORX INC,NOVARTIS AG,2014-12-18,21,,1114448.0
HITACHI DISPLAYS LTD,HITACHI DISPLAYS LTD,2010-06-30,55,47710.0,47710.0
HITACHI DISPLAYS LTD,IPS ALPHA SUPPORT CO LTD,2010-06-30,65,47710.0,
HITACHI LTD,ELPIDA MEMORY INC,2006-06-14,22,47710.0,
HITACHI LTD,HITACHI MEDICAL CORPORATION,1993-09-14,23,47710.0,
HITACHI LTD,HITACHI MEDICAL CORPORATION,1994-01-25,42,47710.0,
HITACHI LTD,RENESAS TECHNOLOGY CORP,2003-09-12,20,47710.0,
HITACHI LTD,RENESAS TECHNOLOGY CORPORATION,2003-09-12,133,47710.0,
HOENIG JULIAN,APPLE INC,2014-12-08,22,,320193.0
HOENIG JULIAN,APPLE INC,2015-01-19,42,,320193.0
HOFMAN HENK,TECHNOLOGIES HOLDINGS CORP,2011-04-20,35,,2186.0
HOFMAN HENK,TECHNOLOGIES HOLDINGS CORP,2012-04-11,51,,2186.0
HOLBROOK ARTHUR MARTIN,GANART TECHNOLOGIES INC,2010-01-13,21,,1321834.0
HOLLAND SACHA J,RIGEL PHARMACEUTICALS INC,2003-03-04,20,,1034842.0
HOLLOWAY LEE HAHN,CLOUDFLARE INC,2010-11-04,23,,1477333.0
HOLTEC INTERNATIONAL INC,SMR LLC,2014-01-08,20,105319.0,
HONEYWELL INTERNATIONAL INC,ADEMCO INC,2018-07-29,59,773840.0,
HONEYWELL INTERNATIONAL INC,FINISAR CORPORATION,2004-03-01,32,773840.0,
HONG FEI,ATYR PHARMA INC,2013-07-11,36,,1339970.0
HONG HO TAEK,LG ELECTRONICS INC,2006-09-29,24,,2058873.0
HONG HO TAEK,LG ELECTRONICS INC,2008-08-14,31,,2058873.0
HONG JIPYO,LG ELECTRONICS INC,2019-10-28,23,,2058873.0
HONG SUNGRYONG,LG ELECTRONICS INC,2015-12-22,23,,2058873.0
HONG SUNGRYONG,LG ELECTRONICS INC,2016-04-04,25,,2058873.0
HOOKER DAVID,GANART TECHNOLOGIES INC,2010-01-15,21,,1321834.0
HOSSEINIMAKAREM ZAHRA,MICRON TECHNOLOGY INC,2021-02-14,20,,723125.0
HOWARTH RICHARD P,APPLE COMPUTER INC,2005-10-18,22,,320193.0
HOWARTH RICHARD P,APPLE INC,2007-12-17,34,,320193.0
HOWARTH RICHARD P,APPLE INC,2014-12-08,22,,320193.0
HOWARTH RICHARD P,APPLE INC,2015-01-20,43,,320193.0
HOWARTH RICHARD P,APPLE INC,2020-08-25,20,,320193.0
HPM INC,METROPOLITAN LIFE INSURANCE COMPANY,1990-08-01,20,47217.0,
HR ASSET HOLDINGS INC,YANICKLO TECHNOLOGY LIMITED LIABILITY COMPANY,2010-02-04,41,2026353.0,
HSU KEN Y,ST FRANCIS MEDICAL TECHNOLOGIES INC,2006-12-03,24,,1321834.0
HUBBARD JOSHUA W,CORNERSTONE CM INC,2014-11-11,21,,814083.0
HUBERT RENE S,AGENSYS INC,2002-05-04,51,,924383.0
HUFFER STARLA D,INTERNATIONAL BRAKE INDUSTRIES INC,1994-04-06,26,,105319.0
HUFFSTETLER GARY,BROYHILL FURNITURE INDUSTRIES INC,2003-06-20,24,,72162.0
HUFFSTETLER GARY,BROYHILL FURNITURE INDUSTRIES INC,2004-03-25,20,,72162.0
HUH BYUNGMU,LG ELECTRONICS INC,2016-12-01,31,,2058873.0
HUH BYUNGMU,LG ELECTRONICS INC,2017-06-01,22,,2058873.0
HUH BYUNGMU,LG ELECTRONICS INC,2017-07-01,33,,2058873.0
HWANG JUNGBAE,LG ELECTRONICS INC,2017-04-26,25,,2058873.0
HWANG JUNGBAE,LG ELECTRONICS INC,2017-05-06,33,,2058873.0
HWANG MANTAE,LG ELECTRONICS INC,2017-04-26,25,,2058873.0
HWCES INTERNATIONAL,HWC ENERGY SERVICES INC,2006-02-28,27,,1699039.0
HYDRA BIOSCIENCES INC,ELI LILLY AND COMPANY,2018-12-14,30,1863127.0,
I2 TECHNOLOGIES INC,I2 TECHNOLOGIES US INC,2001-07-01,116,1321655.0,1321834.0
I2 TECHNOLOGIES INC,I2 TECHNOLOGIES US INC,2001-07-18,33,1321655.0,1321834.0
IBM INDIA PRIVATE LIMITED,INTERNATIONAL BUSINESS MACHINES CORPORATION,2014-05-26,24,,51143.0
IDC LLC,QUALCOMM MEMS TECHNOLOGIES INC,2009-09-25,92,,1321834.0
INCIPIO TECHNOLOGIES INC,INCIPIO LLC,2015-12-31,20,1321834.0,
INFINEON TECHNOLOGIES AG,MARVELL INTERNATIONAL LTD,2009-02-05,22,1107457.0,1940941.0
INFINEON TECHNOLOGIES AG,POLARIS INNOVATIONS LIMITED,2015-07-08,22,1107457.0,
INFINEON TECHNOLOGIES AG,QIMONDA AG,2006-04-25,39,1107457.0,
INFINEON TECHNOLOGIES AMERICAS CORP,MACOM TECHNOLOGY SOLUTIONS HOLDINGS INC,2018-10-11,24,1107457.0,1493594.0
INFINEON TECHNOLOGIES NORTH AMERICA CORP,INFINEON TECHNOLOGIES AG,2003-08-12,20,1107457.0,1107457.0
INFINEON TECHNOLOGIES NORTH AMERICA CORP,INFINEON TECHNOLOGIES AG,2003-08-13,20,1107457.0,1107457.0
INTEGRATED DEVICE TECHNOLOGY INC,NETLOGIC MICROSYSTEMS INC,2009-07-17,27,1779474.0,
INTEL CORPORATION,APPLE INC,2019-11-30,171,,320193.0
INTERNATIONAL BUSINESS MACHINES CORPORATION,EBAY INC,2012-09-28,302,51143.0,1065088.0
INTERNATIONAL BUSINESS MACHINES CORPORATION,ECOBEE INC,2019-01-10,68,51143.0,
INTERNATIONAL BUSINESS MACHINES CORPORATION,HCL TECHNOLOGIES LIMITED,2019-08-11,22,51143.0,
INTERNATIONAL BUSINESS MACHINES CORPORATION,HITACHI GLOBAL STORAGE TECHNOLOGIES NETHERLANDS BV,2003-06-30,32,51143.0,932021.0
INTERNATIONAL BUSINESS MACHINES CORPORATION,HITACHI GLOBAL STORAGE TECHNOLOGIES NETHERLANDS BV,2003-07-16,31,51143.0,932021.0
INTERNATIONAL BUSINESS MACHINES CORPORATION,HITACHI GLOBAL STORAGE TECHNOLOGIES NETHERLANDS BV,2003-08-11,31,51143.0,932021.0
INTERNATIONAL BUSINESS MACHINES CORPORATION,HITACHI GLOBAL STORAGE TECHNOLOGIES NETHERLANDS BV,2003-10-02,29,51143.0,932021.0
INTERNATIONAL BUSINESS MACHINES CORPORATION,HITACHI GLOBAL STORAGE TECHNOLOGIES NETHERLANDS BV,2003-12-01,58,51143.0,932021.0
INTERNATIONAL BUSINESS MACHINES CORPORATION,HITACHI GLOBAL STORAGE TECHNOLOGIES NETHERLANDS BV,2005-03-30,62,51143.0,932021.0
INTERNATIONAL BUSINESS MACHINES CORPORATION,INTERNATIONAL BUSINESS MACHINES CORPORATION,2018-01-02,21,51143.0,51143.0
INTERNATIONAL BUSINESS MACHINES CORPORATION,NUANCE COMMUNICATIONS INC,2009-03-31,68,51143.0,
INTERNATIONAL BUSINESS MACHINES CORPORATION,PURE STORAGE INC,2019-06-11,55,51143.0,1474432.0
INTERNATIONAL BUSINESS MACHINES CORPORATION,PURE STORAGE INC,2019-06-18,39,51143.0,1474432.0
INTERNATIONAL BUSINESS MACHINES CORPORATION,SERVICENOW INC,2018-01-02,22,51143.0,1373715.0
INTERNATIONAL BUSINESS MACHINES CORPORATION,TESSERA INC,2019-12-27,55,51143.0,
INTERNATIONAL BUSINESS MACHINES CORPORATION,UTOPUS INSIGHTS INC,2017-03-13,25,51143.0,
INTERNATIONAL GAME TECHNOLOGY,IGT,2002-10-22,25,1931717.0,
INTRALUMINAL THERAPEUTICS INC,KENSEY NASH CORPORATION,2006-05-23,25,1001316.0,
INTUITIVE SURGICAL INC,INTUITIVE SURGICAL OPERATIONS INC,2010-02-19,228,1035267.0,1035267.0
INVARIUM INC,CADENCE DESIGN SYSTEMS INC,2008-06-04,24,,813672.0
IP HOLDINGS INC,SMART MOBILE INC,2015-07-24,45,1681206.0,
ISP INVESTMENTS INC,TROY TECHNOLOGY II INC,2015-07-01,28,,1779474.0
IVE JONATHAN P,APPLE COMPUTER INC,2005-11-28,21,,320193.0
IVE JONATHAN P,APPLE INC,2007-12-21,35,,320193.0
IVE JONATHAN P,APPLE INC,2014-01-21,22,,320193.0
IVE JONATHAN P,APPLE INC,2014-12-09,22,,320193.0
IVE JONATHAN P,APPLE INC,2015-02-05,63,,320193.0
IVE JONATHAN P,APPLE INC,2016-03-01,20,,320193.0
IVE JONATHAN P,APPLE INC,2020-11-04,28,,320193.0
IZALLALEN MOUNIR,EASTMAN CHEMICAL COMPANY,2019-09-17,25,,915389.0
JAEDE JULIAN,APPLE INC,2020-08-07,20,,320193.0
JAHNES CHRISTOPHER V,INTERNATIONAL BUSINESS MACHINES CORPORATION,2014-01-30,24,,51143.0
JAIN MANISHA,AMERICAN EXPRESS TRAVEL RELATED SERVICES COMPANY INC,2006-11-28,21,,4962.0
JAKOBOVITS AYA,AGENSYS INC,2002-05-06,51,,924383.0
JDA TECHNOLOGIES US INC,JDA SOFTWARE GROUP INC,2011-05-24,66,1321834.0,
JENKINS BARRETT,GANART TECHNOLOGIES INC,2010-01-14,21,,1321834.0
JENSEN STEVEN D,CAO GROUP INC,2015-05-28,28,,1419559.0
JEON BEOM JIN,LG ELECTRONICS INC,2008-12-29,26,,2058873.0
JEON BYEONGMOON,LG ELECTRONICS INC,2014-04-29,21,,2058873.0
JEON BYEUNGWOO,SK TELECOM CO LTD,2010-10-12,23,,1015650.0
JEON BYEUNGWOO,SK TELECOM CO LTD,2011-03-07,21,,1015650.0
JEON BYEUNGWOO,SK TELECOM CO LTD,2013-05-30,32,,1015650.0
JEON HOIL,LG ELECTRONICS INC,2020-02-07,37,,2058873.0
JI SEUNGHYUN,LG ELECTRONICS INC,2020-01-07,27,,2058873.0
JOBS STEVE,APPLE COMPUTER INC,2005-11-16,20,,320193.0
JOBS STEVE,APPLE INC,2008-02-05,28,,320193.0
JOHN DEERE GMBH CO KG,DEERE COMPANY,2014-12-19,217,315189.0,
JOHNSON CONTROLS TECHNOLOGY COMPANY,CPS TECHNOLOGY HOLDINGS LLC,2019-04-30,100,200406.0,
JOHNSON CONTROLS TECHNOLOGY COMPANY,JOHNSON CONTROLS TYCO IP HOLDINGS LLP,2021-08-06,23,200406.0,200406.0
JOHNSON CONTROLS TECHNOLOGY COMPANY,VISTEON GLOBAL TECHNOLOGIES INC,2014-07-01,21,200406.0,1321834.0
JOHNSON ERIC,CRUX BIOMEDICAL INC,2006-06-22,24,200406.0,
JOHNSON JASON,AUGUST HOME INC,2017-03-26,37,200406.0,
JOHNSON JOSEPH M,REALLY RIGHT STUFF LLC,2015-10-23,21,200406.0,
JOHNSON JOSEPH M SR,REALLY RIGHT STUFF LLC,2015-10-23,23,200406.0,
JOHNSON KARA W,IDEO LP,2014-02-20,23,200406.0,
JOHNSON KARL S,MICRON ELECTRONICS INC,1998-02-10,23,200406.0,
JOHNSON TODD W,MILWAUKEE ELECTRIC TOOL CORPORATION,2004-09-02,47,200406.0,
JOHNSON TODD W,MILWAUKEE ELECTRIC TOOL CORPORATION,2005-09-21,22,200406.0,
JONES TODD K,LIGAND PHARMACEUTICALS INC,2000-09-22,35,,886163.0
JOO JUNGHYUN,LG ELECTRONICS INC,2019-10-28,23,,2058873.0
JUNG HANJIN,LG ELECTRONICS INC,2016-12-29,23,,2058873.0
JUNG MIJIN,LG ELECTRONICS INC,2019-10-28,23,,2058873.0
JUNG SUNGHOON,LG ELECTRONICS INC,2016-06-02,22,,2058873.0
KADRI ROMI,SONOS INC,2016-12-01,34,,1314727.0
KALVIG ANDREA BETH,PIONEER HIBRED INTERNATIONAL INC,2018-04-13,49,,105319.0
KALVIG ANDREA BETH,PIONEER HIBRED INTERNATIONAL INC,2019-08-13,31,,105319.0
KALYRA PHARMACEUTICALS INC,ZENO ROYALTIES MILESTONES LLC,2018-07-25,39,1691082.0,
KAMATH APURV U,DEXCOM INC,2004-01-12,58,,1093557.0
KAMATH APURV U,DEXCOM INC,2005-03-30,26,,1093557.0
KAMATH APURV ULLAS,DEXCOM INC,2009-01-07,24,,1093557.0
KAMSHAD KOUROSH,SEURAT TECHNOLOGIES INC,2016-10-26,24,,1321834.0
KANG JIWON,LG ELECTRONICS INC,2018-09-11,33,,2058873.0
KANG KYUNG WON,LG ELECTRONICS INC,2001-08-08,26,,2058873.0
KANGAS DANIEL J,FORD GLOBAL TECHNOLOGIES LLC,2018-03-28,20,,932021.0
KAOUD EHAB N,FORD GLOBAL TECHNOLOGIES LLC,2020-01-31,45,,932021.0
KAPOOR CHET,BEA SYSTEMS INC,2005-08-02,27,,1352010.0
KARUBE DAISUKE,DAIKIN INDUSTRIES LTD,2020-08-21,20,,1446519.0
KASI JAYARAM,BEA SYSTEMS INC,2005-07-22,26,,1352010.0
KATZ JEFF,BROYHILL FURNITURE INDUSTRIES INC,2004-03-25,21,,72162.0
KATZ JEFFREY,BROYHILL FURNITURE INDUSTRIES INC,2003-06-20,25,,72162.0
KEIM HOLGER,RIGEL PHARMACEUTICALS INC,2003-03-04,20,,1034842.0
KELLY THOMAS,BAXTER INTERNATIONAL INC,2005-01-26,28,,10456.0
KERR DUNCAN ROBERT,APPLE COMPUTER INC,2005-10-21,22,,320193.0
KERR DUNCAN ROBERT,APPLE INC,2007-12-17,35,,320193.0
KERR DUNCAN ROBERT,APPLE INC,2014-12-09,21,,320193.0
KERR DUNCAN ROBERT,APPLE INC,2015-01-19,38,,320193.0
KERR DUNCAN ROBERT,APPLE INC,2020-07-01,20,,320193.0
KIA AMIRALI,ILLUMINA INC,2019-08-06,28,,1110803.0
KIM BYOUNG GILL,LG ELECTRONICS INC,2007-07-04,32,,2058873.0
KIM BYOUNG GILL,LG ELECTRONICS INC,2007-07-26,31,,2058873.0
KIM BYOUNG GILL,LG ELECTRONICS INC,2008-08-26,49,,2058873.0
KIM CHULHO,INTERNATIONAL BUSINESS MACHINES CORPORATION,2008-01-31,21,,51143.0
KIM DONG SOO,LG ELECTRONICS INC,2006-12-01,20,,2058873.0
KIM EUNSUN,LG ELECTRONICS INC,2018-08-08,21,,2058873.0
KIM EUNSUN,LG ELECTRONICS INC,2018-09-08,24,,2058873.0
KIM HAEKWANG,SK TELECOM CO LTD,2010-10-16,22,,1015650.0
KIM HAEKWANG,SK TELECOM CO LTD,2013-07-13,28,,1015650.0
KIM HAYOON,SK TELECOM CO LTD,2010-12-23,23,,1015650.0
KIM HAYOON,SK TELECOM CO LTD,2011-03-04,21,,1015650.0
KIM HYEWON,LG ELECTRONICS INC,2019-08-20,21,,2058873.0
KIM JAEHYUNG,LG ELECTRONICS INC,2016-04-04,23,,2058873.0
KIM JIN PIL,LG ELECTRONICS INC,2004-10-25,48,,2058873.0
KIM JIN PIL,LG ELECTRONICS INC,2006-09-29,23,,2058873.0
KIM JIN PIL,LG ELECTRONICS INC,2008-08-14,31,,2058873.0
KIM JIN PIL,LG ELECTRONICS INC,2008-10-20,35,,2058873.0
KIM JIN WOO,LG ELECTRONICS INC,2006-09-29,24,,2058873.0
KIM JIN WOO,LG ELECTRONICS INC,2007-07-04,36,,2058873.0
KIM JIN WOO,LG ELECTRONICS INC,2007-07-26,31,,2058873.0
KIM JIN WOO,LG ELECTRONICS INC,2008-08-26,49,,2058873.0
KIM JINJU,LG ELECTRONICS INC,2017-04-04,33,,2058873.0
KIM JONG MOON,LG ELECTRONICS INC,2006-09-29,24,,2058873.0
KIM JONG MOON,LG ELECTRONICS INC,2007-07-04,32,,2058873.0
KIM JONG MOON,LG ELECTRONICS INC,2007-07-26,31,,2058873.0
KIM JONG MOON,LG ELECTRONICS INC,2008-03-05,23,,2058873.0
KIM JUNGSUN,LG ELECTRONICS INC,2014-02-20,20,,2058873.0
KIM JUNKI,LG ELECTRONICS INC,2019-12-02,20,,2058873.0
KIM KIJUN,LG ELECTRONICS INC,2018-09-11,30,,2058873.0
KIM KYOUNGJOUNG,LG ELECTRONICS INC,2017-02-13,21,,2058873.0
KIM MIN GYU,LG ELECTRONICS INC,2011-10-19,22,,2058873.0
KIM MIN GYU,LG ELECTRONICS INC,2012-07-16,26,,2058873.0
KIM MINGYU,LG ELECTRONICS INC,2013-02-19,35,,2058873.0
KIM MIYOUNG,LG ELECTRONICS INC,2016-12-29,27,,2058873.0
KIM NAMHEE,LG ELECTRONICS INC,2017-04-17,39,,2058873.0
KIM RYAN YONG,BELKIN INTERNATIONAL INC,2014-09-24,26,,105319.0
KIM SEUNGHWAN,LG ELECTRONICS INC,2022-01-01,91,,2058873.0
KIM SOJIN,LG ELECTRONICS INC,2020-01-07,27,,2058873.0
KIM SOOHYOUNG,FORD GLOBAL TECHNOLOGIES LLC,2018-06-19,43,,932021.0
KIM SOOYEON,LG ELECTRONICS INC,2016-12-29,27,,2058873.0
KIM TAEHO,LG ELECTRONICS INC,2019-10-28,23,,2058873.0
KIM TAEK SOO,LG ELECTRONICS INC,2008-12-29,26,,2058873.0
KIM YOOSEOK,LG ELECTRONICS INC,2016-12-01,25,,2058873.0
KIM YOOSEOK,LG ELECTRONICS INC,2017-07-01,33,,2058873.0
KIM YOUNG IN,LG ELECTRONICS INC,2006-09-29,24,,2058873.0
KIM YOUNGKYOUNG,LG ELECTRONICS INC,2016-12-01,23,,2058873.0
KIM YOUNSOO,LG ELECTRONICS INC,2016-12-01,25,,2058873.0
KIM YOUNSOO,LG ELECTRONICS INC,2017-07-01,21,,2058873.0
KIMBERLYCLARK CORPORATION,PROCTER GAMBLE COMPANY THE,1997-10-13,32,,80424.0
KIMBERLYCLARK TISSUE COMPANY,PROCTER GAMBLE COMPANY THE,1997-10-13,33,,80424.0
KIMBERLYCLARK WORLDWIDE INC,SORRENTO THERAPEUTICS INC,2018-07-02,35,,1484565.0
KIMCHI GUR,AMAZON TECHNOLOGIES INC,2015-01-16,22,,1321834.0
KING OF FANS INC,CHIEN LUEN INDUSTRIES CO LTD INC,2008-08-20,20,,72162.0
KING OF FANS INC,CHIEN LUEN INDUSTRIES CO LTD INC,2008-08-25,81,,72162.0
KIRKIZLAR HUSEYIN ESER,NATERA INC,2015-04-17,32,,1604821.0
KIVA SYSTEMS LLC,AMAZON TECHNOLOGIES INC,2012-09-06,22,,1321834.0
KLINE DANIEL S,DEXCOM INC,2005-03-08,20,,1093557.0
KO ALLAN,AMAZON TECHNOLOGIES INC,2016-01-13,20,,1321834.0
KO WOOSUK,LG ELECTRONICS INC,2016-04-04,27,,2058873.0
KOEKOEK MENNO,TECHNOLOGIES HOLDINGS CORP,2012-04-11,53,,2186.0
KOMATSU YUZO,DAIKIN INDUSTRIES LTD,2020-08-26,20,,1446519.0
KONINKLIJKE PHILIPS ELECTRONICS NV,CHI MEI OPTOELECTRONICS CORPORATION,2008-06-09,37,313216.0,
KONINKLIJKE PHILIPS ELECTRONICS NV,NXP BV,2007-07-04,33,313216.0,
KONINKLIJKE PHILIPS NV,LUMILEDS LLC,2017-04-28,30,313216.0,
KONINKLIJKE PHILIPS NV,MINICARE BV,2018-04-26,30,313216.0,
KONINKLIJKE PHILIPS NV,PHILIPS LIGHTING HOLDING BV,2016-02-01,156,313216.0,
KONINKLIJKE PHILIPS NV,PHILIPS PHOTONICS GMBH,2019-03-28,33,313216.0,
KOO MOONMO,LG ELECTRONICS INC,2021-12-27,32,,2058873.0
KOTTOMTHARAYIL RAJIV,COMMVAULT SYSTEMS INC,2008-05-14,40,,1169561.0
KOTTOMTHARAYIL RAJIV,COMMVAULT SYSTEMS INC,2008-09-15,20,,1169561.0
KOVEL KIM,NIKE INC,2018-11-01,23,,320187.0
KUMAR MAYANK,TILE INC,2016-10-28,21,,1552800.0
KUMARASAMY PARAMASIVAM,COMMVAULT SYSTEMS INC,2013-03-04,25,,1169561.0
KWAK KOOK YEON,LG ELECTRONICS INC,2001-08-08,26,,2058873.0
KWAK KOOK YEON,LG ELECTRONICS INC,2006-09-29,23,,2058873.0
KWAK KOOK YEON,LG ELECTRONICS INC,2007-07-04,22,,2058873.0
KWAK KOOK YEON,LG ELECTRONICS INC,2007-07-27,26,,2058873.0
KWAK KOOK YEON,LG ELECTRONICS INC,2008-08-18,44,,2058873.0
LAMBETH DAVID N,DYNAMICS INC,2008-12-18,29,,1022671.0
LAMM STEFAN,FORD GLOBAL TECHNOLOGIES LLC,2007-11-30,21,,932021.0
LANCIA DAVID R JR,FORMA THERAPEUTICS INC,2016-06-20,20,,1001316.0
LANDISGYR TECHNOLOGY INC,LANDISGYR INNOVATIONS INC,2017-03-10,22,1779474.0,
LARKIN CARL,AMERICAN EXPRESS TRAVEL RELATED SERVICES COMPANY INC,2004-07-15,20,,4962.0
LAURO PAUL A,INTERNATIONAL BUSINESS MACHINES CORPORATION,1993-05-03,38,,51143.0
LAWSON JEFF,TWILIO INC,2012-10-03,22,,1447669.0
LAZIER COLIN LAIRD,AMAZON TECHNOLOGIES INC,2015-07-29,26,,1321834.0
LEABMAN MICHAEL A,MOVANO INC,2019-11-12,31,,1734750.0
LEARD FRANCIS L,SEURAT TECHNOLOGIES INC,2016-10-26,24,,1321834.0
LEATHER MARK,ADVANCED MICRO DEVICES INC,2012-03-30,20,,2488.0
LEE 2 DONGHOON,LG ELECTRONICS INC,2021-03-30,28,,2058873.0
LEE ALLISON WAINGOLD,SNOWFLAKE COMPUTING INC,2015-03-09,32,,1640147.0
LEE BUMSANG,LG ELECTRONICS INC,2019-10-28,23,,2058873.0
LEE CHUL SOO,LG ELECTRONICS INC,2008-08-18,31,,2058873.0
LEE CHUL SOO,LG ELECTRONICS INC,2008-10-13,66,,2058873.0
LEE DONGHOON,LG ELECTRONICS INC,2021-03-30,47,,2058873.0
LEE HOPHIL,LG ELECTRONICS INC,2017-02-13,21,,2058873.0
LEE HYOUNG GON,LG ELECTRONICS INC,2006-09-29,24,,2058873.0
LEE HYOUNG GON,LG ELECTRONICS INC,2007-07-04,37,,2058873.0
LEE HYOUNG GON,LG ELECTRONICS INC,2007-07-26,31,,2058873.0
LEE HYOUNG GON,LG ELECTRONICS INC,2008-08-28,50,,2058873.0
LEE JIHONG,LG ELECTRONICS INC,2015-06-19,22,,2058873.0
LEE JONGHAK,LG ELECTRONICS INC,2020-01-07,27,,2058873.0
LEE JOON HUI,LG ELECTRONICS INC,2008-08-14,29,,2058873.0
LEE JUNGHWAN,LG ELECTRONICS INC,2019-08-20,21,,2058873.0
LEE KYUNGAH,LG ELECTRONICS INC,2013-07-22,20,,2058873.0
LEE KYUNGAH,LG ELECTRONICS INC,2020-02-07,37,,2058873.0
LEE MOON IL,LG ELECTRONICS INC,2012-04-25,24,,2058873.0
LEE MYUNGWHOON,LG ELECTRONICS INC,2020-01-08,24,,2058873.0
LEE SEUNGHOON,FORD GLOBAL TECHNOLOGIES LLC,2013-02-11,25,,932021.0
LEE TAEKGI,LG ELECTRONICS INC,2017-04-26,22,,2058873.0
LEE WOOKYONG,LG ELECTRONICS INC,2021-03-30,47,,2058873.0
LEE YONGHO,LG ELECTRONICS INC,2016-12-01,47,,2058873.0
LEE YONGHO,LG ELECTRONICS INC,2018-06-01,36,,2058873.0
LEE YOUNGDAE,LG ELECTRONICS INC,2009-07-28,26,,2058873.0
LEE YOUNGDAE,LG ELECTRONICS INC,2016-06-02,21,,2058873.0
LEE YUNGLYUL,SK TELECOM CO LTD,2010-10-16,23,,1015650.0
LEE YUNGLYUL,SK TELECOM CO LTD,2011-02-25,20,,1015650.0
LEE YUNGLYUL,SK TELECOM CO LTD,2013-07-12,31,,1015650.0
LETOURNEAU JACK J,SKYLER TECHNOLOGY INC,2005-03-23,21,,1819974.0
LETOURNEAU JACK J,SKYLER TECHNOLOGY INC,2006-06-21,20,,1819974.0
LETTAU TYLER,TILE INC,2016-10-27,21,,1552800.0
LEWIS JERRY D,INTERNATIONAL BUSINESS MACHINES CORPORATION,1997-04-14,21,,51143.0
LG ELECTRONICS INC,OPTIS CELLULAR TECHNOLOGY LLC,2013-12-19,27,2058873.0,
LI HUI,RIGEL PHARMACEUTICALS INC,2003-03-04,20,,1034842.0
LI SHUAI,HERMES MICROVISION INC,2016-12-22,28,,65770.0
LI YIZE,ALIBABA GROUP HOLDING LIMITED,2020-03-09,22,,1577552.0
LI YONG,JOHNSON ELECTRIC SA,2016-08-25,22,,200406.0
LI YUE,JOHNSON ELECTRIC SA,2016-08-25,22,,200406.0
LI ZHIGUO,ALIBABA GROUP HOLDING LIMITED,2020-03-20,28,,1577552.0
LIANG GEORGE,FLORIDA TURBINE TECHNOLOGIES INC,2010-04-29,24,,1321834.0
LICKRISH DAVID,IRONSHORE PHARMACEUTICALS DEVELOPMENT INC,2013-10-29,20,,1691082.0
LICOR INC,PACIFIC BIOSCIENCES OF CALIFORNIA INC,2007-08-27,24,,1299130.0
LIM CHULMIN,LG ELECTRONICS INC,2019-10-28,23,,2058873.0
LIM JAE HYUN,LG ELECTRONICS INC,2006-12-01,20,,2058873.0
LIM JAEHYUN,LG ELECTRONICS INC,2021-12-29,41,,2058873.0
LIM JEONGYEON,SK TELECOM CO LTD,2013-03-07,22,,1015650.0
LIM JEONGYEON,SK TELECOM CO LTD,2013-05-28,39,,1015650.0
LIM STEPHEN,PEPSICO INC,2012-02-24,20,,77476.0
LIM STEPHEN,PEPSICO INC,2013-12-19,22,,77476.0
LIN WENJIAN,QUALCOMM MEMS TECHNOLOGIES INC,2006-03-24,29,,1321834.0
LINK JOHN O,GILEAD SCIENCES INC,2013-10-17,27,,882095.0
LIQUID CARBONIC CORPORATION,PRAXAIR TECHNOLOGY INC,1997-12-02,33,,1779474.0
LIRA SARA JANE,PIONEER HIBRED INTERNATIONAL INC,2020-03-23,20,,105319.0
LIU CHIHCHENG,CHANGXIN MEMORY TECHNOLOGIES INC,2021-07-20,23,,1321834.0
LIU DAVID,STEM CENTRX INC,2013-02-22,32,,1758766.0
LIU JIAWEI,ALIBABA GROUP HOLDING LIMITED,2019-12-12,22,,1577552.0
LIU XUEDONG,HERMES MICROVISION INC,2016-12-21,22,,65770.0
LOCKHEED MARTIN CORPORATION,BAE SYSTEMS INFORMATION AND ELECTRONIC SYSTEMS INTEGRATION INC,2000-11-27,68,,708781.0
LOEW ANDREAS,ELSTAR THERAPEUTICS INC,2021-02-16,23,,1001316.0
LOW GLEN OLIVER,STEELCASE INC,2012-10-12,22,,1050825.0
LSI CORPORATION,NETAPP INC,2011-05-06,25,,1002047.0
LU PENGCHENG,BOE TECHNOLOGY GROUP CO LTD,2017-04-27,21,,1852440.0
LU WEI,FORMA THERAPEUTICS INC,2016-06-20,20,,1001316.0
LUCAS EARL,FORD GLOBAL TECHNOLOGIES LLC,2017-03-02,24,,932021.0
LUCAS EARL C,FORD GLOBAL TECHNOLOGIES LLC,2017-10-24,34,,932021.0
LUCENT TECHNOLOGIES INC,AGERE SYSTEMS GUARDIAN CORP,2001-01-30,103,1726079.0,
LUCENT TECHNOLOGIES INC,AGERE SYSTEMS INC,2001-01-30,57,1726079.0,
LUCENT TECHNOLOGIES INC,AGERE SYSTEMS INC,2002-05-31,31,1726079.0,
LUCENT TECHNOLOGIES INC,AGERE SYSTEMS OPTOELECTRONICS GUARDIAN CORP,2001-01-30,37,1726079.0,
LUCENT TECHNOLOGIES INC,AVAYA TECHNOLOGY CORP,2000-09-29,39,1726079.0,
LUCENT TECHNOLOGIES INC,PARADYNE CORPORATION FORMERLY KNOWN AS ATT PARADYNE CORPORATION,1996-07-31,31,1726079.0,
LUCENT TECHNOLOGIES INC,TYCO ELECTRONICS LOGISTICS AG,2000-12-29,228,1726079.0,
LUDWIG JAMES N,STEELCASE INC,2012-10-15,23,,1050825.0
LUKE HOKSUM HORACE,GOGORO INC,2012-09-12,27,,1886190.0
LYON CHARLES CHRISTOPHER,AMERICAN EXPRESS TRAVEL RELATED SERVICES COMPANY INC,2006-10-23,24,,4962.0
M2 MEDICAL AS,M2 GROUP HOLDINGS INC,2009-03-24,26,,1705402.0
MAGNA INTERNATIONAL INC,GRUPO ANTOLÃNIRAUSA SA,2015-08-31,20,749098.0,
MAGNETIC PERIPHERALS INC,SEAGATE TECHNOLOGY INC,1990-05-17,22,,1779474.0
MAHINDRU RUCHI,INTERNATIONAL BUSINESS MACHINES CORPORATION,2018-07-16,25,,51143.0
MALDONADO ROBERTO A,SELECTA BIOSCIENCES INC,2012-05-25,35,,1279704.0
MANTOR MICHAEL,ADVANCED MICRO DEVICES INC,2012-03-05,23,,2488.0
MANVILLE RICHARD B,MATTEL INC,2002-03-22,66,,63276.0
MARCAR ANTHONY EMILE,WALMART STORES INC,2012-10-31,20,,104169.0
MARCAR ANTHONY EMILE,WALMART STORES INC,2012-12-18,20,,104169.0
MARK DARREN M,BLACK DECKER INC,1995-09-19,23,,93556.0
MARMINC THOMAS,FORD GLOBAL TECHNOLOGIES LLC,2018-06-19,33,,932021.0
MARVELL INTERNATIONAL LTD,CAVIUM INTERNATIONAL,2019-12-31,23,1940941.0,
MARVELL SEMICONDUCTOR INC,MARVELL INTERNATIONAL LTD,2008-09-03,31,,1940941.0
MARVELL TECHNOLOGY GROUP LTD,MARVELL INTERNATIONAL LTD,2001-01-19,67,1835632.0,1940941.0
MARVELL WORLD TRADE LTD,MARVELL INTERNATIONAL LTD,2017-06-08,36,,1940941.0
MARVELL WORLD TRADE LTD,MARVELL INTERNATIONAL LTD,2019-09-26,195,,1940941.0
MASHIACH ADI,NYXOAH SA,2018-07-19,85,,1857190.0
MATIS CLARK A,WOLVERINE WORLD WIDE INC,2000-06-01,20,,110471.0
MATIS CLARK A,WOLVERINE WORLD WIDE INC,2005-05-27,23,,110471.0
MATRICS INC,SYMBOL TECHNOLOGIES INC,2004-12-21,42,,1321834.0
MATTINGLY TODD D,WALMART STORES INC,2018-01-25,32,,104169.0
MATTINGLY TODD D,WALMART STORES INC,2018-02-22,50,,104169.0
MATTSON TECHNOLOGY INC,BEIJING ETOWN SEMICONDUCTOR TECHNOLOGY CO LTD,2019-09-25,41,1779474.0,
MATTSON TECHNOLOGY INC,BEIJING ETOWN SEMICONDUCTOR TECHNOLOGY CO LTD,2021-02-19,24,1779474.0,
MATTSON TECHNOLOGY INC,MATTSON TECHNOLOGY INC,2019-09-25,40,1779474.0,1779474.0
MATTSON TECHNOLOGY INC,MATTSON TECHNOLOGY INC,2021-02-19,24,1779474.0,1779474.0
MAXTOR CORPORATION,SEAGATE TECHNOLOGY LLC,2009-05-29,101,,1137789.0
MCCORD JAMES W,DOVER TECHNOLOGY INTERNATIONAL INC,1985-12-21,23,,105319.0
MCCORMICK JAROD,SILURIA TECHNOLOGIES INC,2015-07-15,22,,1321834.0
MCCRARY REX,ADVANCED MICRO DEVICES INC,2012-03-27,21,,2488.0
MCGIMPSEY DONALD ROBERT,AMERICAN EXPRESS TRAVEL RELATED SERVICES COMPANY INC,2006-11-28,21,,4962.0
MCHUGH WAYNE THOMAS,GANART TECHNOLOGIES INC,2010-01-29,21,,1321834.0
MCNULTY CHRISTOPHER THOMAS,HYPERFINE RESEARCH INC,2018-09-10,21,,1833769.0
MCWILLIAMS DOUGLAS STEPHENS,EASTMAN CHEMICAL COMPANY,2006-03-24,23,,915389.0
MEI CALIFORNIA INC,MICRON TECHNOLOGY INC,2001-03-22,46,,723125.0
MENDLEIN JOHN D,ATYR PHARMA INC,2013-07-11,36,,1339970.0
MERCK CO INC,MICROSOFT CORPORATION,2009-06-26,28,310158.0,
MERCK SHARP DOHME CORP,SIRNA THERAPEUTICS INC,2014-03-24,66,,2036042.0
MERRELL DOW PHARMACEUTICALS INC,MERRELL PHARMACEUTICALS INC,1995-09-15,34,1751788.0,1691082.0
MERRIMACK PHARMACEUTICALS INC,IPSEN BIOPHARM LTD,2017-04-03,24,1691082.0,
MESSALE CLAUDIO,FORD GLOBAL TECHNOLOGIES LLC,2018-09-26,23,,932021.0
METROS CRAIG,FORD GLOBAL TECHNOLOGIES LLC,2019-03-27,30,,932021.0
METROS CRAIG S,FORD GLOBAL TECHNOLOGIES LLC,2016-01-05,23,,932021.0
METROS CRAIG S,FORD GLOBAL TECHNOLOGIES LLC,2016-12-19,21,,932021.0
METROS CRAIG S,FORD GLOBAL TECHNOLOGIES LLC,2018-01-10,29,,932021.0
METROS CRAIG S,FORD GLOBAL TECHNOLOGIES LLC,2018-04-04,20,,932021.0
MEYER ANTHONY,FORD GLOBAL TECHNOLOGIES LLC,2018-06-19,20,,932021.0
MICROELECTRONICS AND COMPUTER TECHNOLOGY CORPORATION,SI DIAMOND TECHNOLOGY INC,1997-12-16,23,,1779474.0
MICRON TECHNOLOGY INC,APTINA IMAGING CORPORATION,2008-09-26,271,723125.0,
MICRON TECHNOLOGY INC,APTINA IMAGING CORPORATION,2008-10-03,177,723125.0,
MICRON TECHNOLOGY INC,MOSAID TECHNOLOGIES INCORPORATED,2009-06-09,20,723125.0,
MICRON TECHNOLOGY INC,ROUND ROCK RESEARCH LLC,2009-12-23,50,723125.0,
MICRON TECHNOLOGY INC,ROUND ROCK RESEARCH LLC,2009-12-30,64,723125.0,
MICROPYRETICS HEATERS INTERNATIONAL INC,MHI HEALTH DEVICES LLC,2015-12-17,30,105319.0,
MIDEA AMERICA CORPORATION,MIDEA GROUP CO LTD,2017-12-19,38,,2039784.0
MIHIC MATTHEW,BEA SYSTEMS INC,2005-08-01,27,,1352010.0
MIN JINKI,LG ELECTRONICS INC,2020-01-07,27,,2058873.0
MIRALLES CARLOS THOMAS,AEROVIRONMENT INC,2010-02-02,28,,1368622.0
MISHRA RAHUL,INTERNATIONAL BUSINESS MACHINES CORPORATION,2014-11-17,21,,51143.0
MISTRY XITIJ,FORD GLOBAL TECHNOLOGIES LLC,2018-04-03,25,,932021.0
MITCHELL MELVIN GLENN,EASTMAN CHEMICAL COMPANY,2019-09-12,33,,915389.0
MITEL CLOUD SERVICES INC,RINGCENTRAL INC,2022-01-28,33,,1384905.0
MITRA SOUVICK,INTERNATIONAL BUSINESS MACHINES CORPORATION,2014-11-17,21,,51143.0
MOERTL DANIEL F,INTERNATIONAL BUSINESS MACHINES CORPORATION,2014-11-19,24,,51143.0
MOHAWK INDUSTRIES INC,ALADDIN MANUFACTURING CORPORATION,2019-03-29,22,851968.0,
MOHR PAUL W,INTUITIVE SURGICAL OPERATIONS INC,2015-09-25,22,,1035267.0
MOHUNDRO JAMES GLENN,PACIFIC MARKETING INTERNATIONAL HK LTD,2004-03-16,65,,1940941.0
MOLECUMETICS LTD,MYRIAD PHARMACEUTICALS INC,2003-05-30,29,,1691082.0
MONDELLO ANTONINO,MICRON TECHNOLOGY INC,2019-12-13,40,,723125.0
MONTGOMERY JOSHUA,AMERICAN EXPRESS TRAVEL RELATED SERVICES COMPANY INC,2004-07-07,20,,4962.0
MOON JOOHEE,SK TELECOM CO LTD,2010-10-16,22,,1015650.0
MOON JOOHEE,SK TELECOM CO LTD,2011-02-16,20,,1015650.0
MOON JOOHEE,SK TELECOM CO LTD,2013-06-03,31,,1015650.0
MOON SANGCHUL,LG ELECTRONICS INC,2015-12-29,31,,2058873.0
MOON SUNG HO,LG ELECTRONICS INC,2012-05-03,24,,2058873.0
MOORE WILLIAM K,FORD GLOBAL TECHNOLOGIES LLC,2020-01-31,45,,932021.0
MORRISON KAREN JANE MEYRICK,AGENSYS INC,2002-05-06,35,,924383.0
MORRISON ROBERT KENDALL,AGENSYS INC,2002-05-06,34,,924383.0
MORTON PHILIP G,DAYTON TECHNOLOGIES INC,2000-04-06,27,,1321834.0
MOTOROLA INC,MOTOROLA MOBILITY INC,2010-07-31,24,68505.0,
MOTOROLA INC,MOTOROLA MOBILITY INC,2010-11-29,50,68505.0,
MUHAMMAD MUJAHID,INTERNATIONAL BUSINESS MACHINES CORPORATION,2014-11-18,21,,51143.0
MULLEN JEFFREY D,DYNAMICS INC,2008-12-18,57,,1022671.0
MURPHY ANDREW J,REGENERON PHARMACEUTICALS INC,2013-05-07,27,,872589.0
MUSTEK SYSTEMS INC,TRANSPACIFIC OPTICS LLC,2005-12-02,20,807863.0,
MYRIAD GENETICS INC,MYRIAD PHARMACEUTICALS INC,2009-06-30,45,899923.0,1691082.0
MYRIAD PHARMACEUTICALS INC,MYRIAD GENETICS INC,2003-08-05,30,1691082.0,899923.0
NALCO COMPANY LLC,ECOLAB USA INC,2017-02-27,77,,31462.0
NAM BOHYUN,LG ELECTRONICS INC,2017-04-04,33,,2058873.0
NANOSET LLC,BIOPHAN TECHNOLOGIES INC,2008-02-15,52,,1321834.0
NATARAJAN CHANDRASHEKAR,WALMART STORES INC,2015-11-14,21,,104169.0
NATIONAL INSTITUTE FOR STRATEGIC TECHNOLOGY ACQUISITION AND COMMERCIALIZATION,FORD GLOBAL TECHNOLOGIES LLC,2006-04-05,25,,932021.0
NATIONAL SEMICONDUCTOR CORPORATION,ADVANCED MICRO DEVICES INC,2003-08-21,35,,2488.0
NATIONAL SEMICONDUCTOR CORPORATION BY JOHN M CLARK III SR VP AND SECRETARY,ADVANCED MICRO DEVICES INC,2003-08-21,54,,2488.0
NEALE PAUL V,DEXCOM INC,2005-03-09,41,,1093557.0
NEOCERA INC,NEOCERA LLC,2006-11-16,23,1756180.0,
NETHONGKOME BENJAMIN,NIKE INC,2022-01-04,34,,320187.0
NETWORKS ASSOCIATES TECHNOLOGY INC,MCAFEE INC,2004-11-19,30,1779474.0,
NEUROGEN CORPORATION,NOVARTIS INTERNATIONAL PHARMACEUTICAL LTD,2009-02-26,20,,1940941.0
NEWSON MARC A,APPLE INC,2015-02-02,25,,320193.0
NEXSTAR PHARMACEUTICALS INC,GILEAD SCIENCES INC,2001-01-23,54,1691082.0,882095.0
NG PUI YEE,FORMA THERAPEUTICS INC,2016-02-23,20,,1001316.0
NISHIBORI SHIN,APPLE COMPUTER INC,2005-10-19,22,,320193.0
NISHIBORI SHIN,APPLE INC,2007-12-13,35,,320193.0
NOGUCHI JUNPEI,HONDA MOTOR CO LTD,2021-05-10,30,,715153.0
NOKIA SOLUTIONS AND NETWORKS OY,WIRELESS FUTURE TECHNOLOGIES INC,2014-06-24,29,,1321834.0
NORAIR JOHN PETER,BLACKBIRD TECHNOLOGY HOLDINGS INC,2012-02-28,21,,1779474.0
NORCOTT MAURICE H,INTERNATIONAL BUSINESS MACHINES CORPORATION,1993-05-03,37,,51143.0
NORTH INC,GOOGLE LLC,2020-09-16,33,1093672.0,
NOVAMAX TECHNOLOGIES INC,HENKEL KOMMANDITGESELLSCHAFT AUF AKTIEN HENKEL KGAA,1996-12-31,25,1321834.0,
NOVARTIS AG,GLAXOSMITHKLINE BIOLOGICALS SA,2016-06-15,108,1114448.0,
NOVARTIS AG,NOVARTIS TIERGESUNDHEIT AG,2015-01-01,25,1114448.0,1114448.0
NOVARTIS AG,SYNGENTA PARTICIPATION AG,2004-03-04,26,1114448.0,
NOVARTIS AG,SYNGENTA PARTICIPATIONS AG,2004-11-05,20,1114448.0,
NOVARTIS INTERNATIONAL PHARMACEUTICAL LTD,NOVARTIS AG,2015-03-30,28,1940941.0,1114448.0
NOVARTIS PHARMA AG,NOVARTIS AG,2009-01-19,50,1114448.0,1114448.0
NOVO NORDISK AS,NOVO NORDISK HEALTHCARE AG,2005-01-27,34,353278.0,
NOVO NORDISK AS,TRANSTECH PHARMA INC,2009-03-16,22,353278.0,
NOVOZYMES AS,NOVOZYMES ADENIUM BIOTECH AS,2009-12-22,28,1131345.0,
NUMERICAL TECHNOLOGIES INC,SYNOPSYS MERGER HOLDINGS LLC,2009-12-16,73,1321834.0,
OGG RANDY GENE,ENCELL TECHNOLOGY INC,2014-10-27,24,,1779474.0
OH HYEN O,LG ELECTRONICS INC,2006-12-01,20,,2058873.0
OHKUBO SHUN,DAIKIN INDUSTRIES LTD,2020-08-24,20,,1446519.0
OMNIPOINT CORPORATION,OMNIPOINT TECHNOLOGIES INC,2000-06-26,132,,1321834.0
OPKO HEALTH INC,OPKO RENAL LLC,2013-12-31,24,944809.0,
OPTISOLAR INC,OPTISOLAR TECHNOLOGIES INC,2009-04-03,21,,1321834.0
ORALEVICH MICHAEL SHAMAI,AMERICAN EXPRESS TRAVEL RELATED SERVICES COMPANY INC,2006-11-28,20,,4962.0
ORANGE SA,DOLBY INTERNATIONAL AB,2014-09-03,23,1038143.0,
ORBOT INSTRUMENTS LIMITED,APPLIED MATERIALS INC,2000-05-12,61,,6951.0
OWENSCORNING FIBERGLAS TECHNOLOGY INC,OCV INTELLECTUAL CAPITAL LLC,2008-11-21,22,1779474.0,
PAIS GODWIN,ACHILLION PHARMACEUTICALS INC,2016-03-11,24,,1691082.0
PALURI SEETHAL,LG ELECTRONICS INC,2022-01-04,33,,2058873.0
PAN MATTEUS,DROPBOX INC,2016-02-19,22,,1467623.0
PANG HEE SUK,LG ELECTRONICS INC,2006-12-01,20,,2058873.0
PANI AYAS,CISCO TECHNOLOGY INC,2017-08-21,22,,1779474.0
PARK CHONGYOUNG,LG ELECTRONICS INC,2021-03-30,39,,2058873.0
PARK HONGKYU,LG ELECTRONICS INC,2020-01-07,27,,2058873.0
PARK JONGHYUN,LG ELECTRONICS INC,2018-09-11,30,,2058873.0
PARK JOONYOUNG,LG ELECTRONICS INC,2014-04-25,36,,2058873.0
PARK KYUSUH,LG ELECTRONICS INC,2019-12-04,20,,2058873.0
PARK KYUTAE,LG ELECTRONICS INC,2020-02-07,37,,2058873.0
PARK SOJIN,LG ELECTRONICS INC,2019-08-20,21,,2058873.0
PARK SUNGJUN,LG ELECTRONICS INC,2009-07-28,25,,2058873.0
PARK SUNHA,LG ELECTRONICS INC,2016-12-01,25,,2058873.0
PARK SUNHA,LG ELECTRONICS INC,2017-07-01,33,,2058873.0
PARK TAE JIN,LG ELECTRONICS INC,2004-09-14,35,,2058873.0
PARK YOUNGCHOON,JOHNSON CONTROLS TECHNOLOGY COMPANY,2018-09-26,25,,200406.0
PARKER KENNY RANDOLPH,EASTMAN CHEMICAL COMPANY,2019-09-19,33,,915389.0
PATRICK PAUL B,BEA SYSTEMS INC,2005-08-07,26,,1352010.0
PATTERSON WAYNE,TILE INC,2016-10-27,21,,1552800.0
PAULSON ERIK S,JOHNSON CONTROLS TECHNOLOGY COMPANY,2018-09-25,20,,200406.0
PAYAN DONALD,RIGEL PHARMACEUTICALS INC,2003-03-04,20,,1034842.0
PELIKAN TECHNOLOGIES INC,SANOFIAVENTIS DEUTSCHLAND GMBH,2012-01-31,39,1321834.0,
PENT TECHNOLOGIES INC,GROUP DEKKO INC,2007-12-31,21,1437424.0,
PEREG YARON,BIOLINERX LTD,2016-06-28,20,,1498403.0
PETERSON GORDON JAY,STEELCASE INC,2012-10-26,21,,1050825.0
PETISCE JAMES R,DEXCOM INC,2005-03-08,20,,1093557.0
PETRENKA DYLAN,NIKE INC,2019-06-25,28,,320187.0
PETRIE JASON G,NIKE INC,2021-01-11,24,,320187.0
PFIZER INC,BEND RESEARCH INC,2008-11-03,42,78003.0,
PFIZER PRODUCTS INC,BEND RESEARCH INC,2008-11-04,42,78003.0,
PHADKE AVINASH S,ACHILLION PHARMACEUTICALS INC,2016-03-11,22,,1691082.0
PHELAN ROBERT E,AMERICAN EXPRESS TRAVEL RELATED SERVICES COMPANY INC,2006-10-23,23,,4962.0
PIASKOWSKI JOEL,FORD GLOBAL TECHNOLOGIES LLC,2018-09-11,28,,932021.0
PIASKOWSKI JOEL,FORD GLOBAL TECHNOLOGIES LLC,2019-10-09,49,,932021.0
PINCHOT JAMES M,JMP INDUSTRIES INC,2007-03-20,29,,72162.0
PING ERXUAN,CHANGXIN MEMORY TECHNOLOGIES INC,2021-04-14,24,,1321834.0
PL INDUSTRIES INC,CRIMSON TRACE CORPORATION,2019-01-09,38,72162.0,
PLATTO GORDON,FORD GLOBAL TECHNOLOGIES LLC,2019-01-17,25,,932021.0
PLATTO GORDON M,FORD GLOBAL TECHNOLOGIES LLC,2017-03-10,21,,932021.0
PLATTO GORDON M,FORD GLOBAL TECHNOLOGIES LLC,2018-06-19,58,,932021.0
PLATTO GORDON M,FORD GLOBAL TECHNOLOGIES LLC,2019-10-09,49,,932021.0
PODGURNY LEONARD JOHN,CANADIAN NATIONAL RAILWAY COMPANY,2002-07-17,21,,16868.0
PONTON RICHARD A,CORNERSTONE CM INC,2014-11-11,21,,814083.0
POOLE MICHAEL STEPHEN,HYPERFINE RESEARCH INC,2018-09-10,22,,1833769.0
PORTER BRANDON WILLIAM,AMAZON TECHNOLOGIES INC,2014-12-23,20,,1321834.0
PORTER DAVID SCOTT,EASTMAN CHEMICAL COMPANY,2006-03-24,43,,915389.0
POWERWAVE TECHNOLOGIES INC,PWAVE HOLDINGS LLC,2013-05-22,27,1321834.0,
PRAHLAD ANAND,COMMVAULT SYSTEMS INC,2008-05-16,32,,1169561.0
PRIME VIEW INTERNATIONAL CO LTD,QUALCOMM MEMS TECHNOLOGIES INC,2006-03-03,38,1940941.0,1321834.0
PRIMESENSE LTD,APPLE INC,2014-08-28,54,,320193.0
PRINCE MATTHEW BROWNING,CLOUDFLARE INC,2010-11-04,23,,1477333.0
PRIVATE EQUITY MANAGEMENT GROUP FINANCIAL CORPORATION,IGT,2009-01-16,116,1725033.0,
PROUD JAMES,HELLO INC,2013-10-11,36,,1610601.0
PROVENTIV THERAPEUTICS LLC,OPKO HEALTH INC,2013-12-31,24,,944809.0
PRUITT JOHN DALLAS,NOVARTIS AG,2011-08-08,23,,1114448.0
PSC INC,SYMBOL TECHNOLOGIES INC,2000-10-01,31,,1321834.0
PUGH RANDALL B,JOHNSON JOHNSON VISION CARE INC,2013-04-19,25,,200406.0
QLOGIC CORPORATION,MARVELL INTERNATIONAL LTD,2005-11-04,31,,1940941.0
QUALCOMM FLARION TECHNOLOGIES INC,QUALCOMM INCORPORATED,2007-04-19,26,1321834.0,
QUALCOMM INCORPORATED,QUALCOMM MEMS TECHNOLOGIES INC,2008-02-22,26,,1321834.0
QUICKSILVER TECHNOLOGY INC,TECHFARM VENTURES MANAGEMENT LLC,2005-10-13,22,1779474.0,
QUINN CHERYL L,ATYR PHARMA INC,2013-07-22,36,,1339970.0
QUINTANA MELODY,TILE INC,2016-10-28,21,,1552800.0
RABINOWITZ MATTHEW,NATERA INC,2015-04-16,33,,1604821.0
RADEUM INC,FREELINC TECHNOLOGIES INC,2016-03-04,24,,1321834.0
RAINDANCE TECHNOLOGIES INC,BIORAD LABORATORIES INC,2019-05-03,26,1321834.0,12208.0
RAITANO ARTHUR B,AGENSYS INC,2002-05-06,50,,924383.0
RAMBUS INC,HEFEI RELIANCE MEMORY LIMITED,2018-05-04,43,917273.0,
RAMESH VIJAY S,MICRON TECHNOLOGY INC,2021-07-29,23,,723125.0
RAO RAMAN K,IP HOLDINGS INC,2008-02-22,44,,1681206.0
RAO SANJAY K,IP HOLDINGS INC,2008-02-22,33,,1681206.0
RAO SUNIL K,IP HOLDINGS INC,2008-02-22,43,,1681206.0
RAWLES LLC,AMAZON TECHNOLOGIES INC,2015-11-06,60,,1321834.0
REARICK TODD,HYPERFINE RESEARCH INC,2015-10-27,25,,1833769.0
RECIO RENATO JOHN,INTERNATIONAL BUSINESS MACHINES CORPORATION,2005-02-22,23,,51143.0
REED DENNIS CRAIG,FORD GLOBAL TECHNOLOGIES LLC,2013-01-10,33,,932021.0
REILEY MARK,TOTAL FACET TECHNOLOGIES INC,2001-02-16,32,,1321834.0
REN WEIMING,HERMES MICROVISION INC,2016-12-21,23,,65770.0
RESCH JASON K,INTERNATIONAL BUSINESS MACHINES CORPORATION,2017-11-27,24,,51143.0
RESCH JASON K,INTERNATIONAL BUSINESS MACHINES CORPORATION,2017-12-11,25,,51143.0
RICHARDS JONATHAN P,CORNERSTONE CM INC,2014-11-11,21,,814083.0
RIGHETTI NICCOLO,MICRON TECHNOLOGY INC,2020-12-30,21,,723125.0
RINGCENTRAL IP HOLDINGS INC,RINGCENTRAL INC,2020-07-02,209,1384905.0,1384905.0
RINGCENTRAL IP HOLDINGS INC,RINGCENTRAL INC,2022-01-06,186,1384905.0,1384905.0
RIVERSTONE NETWORKS INC,LUCENT TECHNOLOGIES INC,2006-04-27,35,,1726079.0
RIVIAN AUTOMOTIVE INC,RIVIAN IP HOLDINGS LLC,2019-05-13,21,1874178.0,
RIVIAN AUTOMOTIVE LLC,RIVIAN AUTOMOTIVE INC,2019-05-13,21,,1874178.0
ROACH MICHAEL T,PIONEER HIBRED INTERNATIONAL INC,2010-04-20,20,,105319.0
ROACH MICHAEL T,PIONEER HIBRED INTERNATIONAL INC,2012-02-09,23,,105319.0
ROBERTSON CHRISTIAN,TMOBILE USA INC,2009-05-08,23,,1283699.0
ROBINSON CHARLES,DOLBY LABORATORIES LICENSING CORPORATION,2012-05-03,22,,1308547.0
ROCKSTAR BIDCO LP,APPLE,2012-05-11,73,,320193.0
ROCKSTAR BIDCO LP,APPLE INC,2012-05-11,1131,,320193.0
ROGER RODOLFO,BAXTER INTERNATIONAL INC,2005-01-26,28,,10456.0
ROGMAN KEITH,FORD GLOBAL TECHNOLOGIES LLC,2017-10-24,30,,932021.0
ROHRBACH MATTHEW DEAN,APPLE COMPUTER INC,2005-10-18,22,,320193.0
ROHRBACH MATTHEW DEAN,APPLE INC,2007-12-13,35,,320193.0
ROHRBACH MATTHEW DEAN,APPLE INC,2014-12-08,21,,320193.0
ROHRBACH MATTHEW DEAN,APPLE INC,2015-01-26,39,,320193.0
ROSETTA INPHARMATICS LLC,MERCK CO INC,2009-06-25,23,,310158.0
ROSINKO MICHAEL J,BETA BIONICS INC,2020-09-25,22,,1674632.0
ROTH GREGORY BRANCHEK,AMAZON TECHNOLOGIES INC,2013-07-17,21,,1321834.0
ROTH GREGORY BRANCHEK,AMAZON TECHNOLOGIES INC,2014-01-22,22,,1321834.0
ROTH GREGORY BRANCHEK,AMAZON TECHNOLOGIES INC,2014-09-10,20,,1321834.0
ROTH GREGORY BRANCHEK,AMAZON TECHNOLOGIES INC,2015-04-15,26,,1321834.0
ROTHBERG JONATHAN M,BUTTERFLY NETWORK INC,2017-11-02,21,,1804176.0
ROTHBERG JONATHAN M,HYPERFINE RESEARCH INC,2015-10-28,26,,1833769.0
ROWLEY MATTHEW DAVID,MICRON TECHNOLOGY INC,2018-03-16,20,,723125.0
RUDNITSKAYA ALEKSANDRA,FORMA THERAPEUTICS INC,2016-02-23,20,,1001316.0
RUSSELLCLARKE PETER,APPLE INC,2007-12-13,35,,320193.0
RUSSELLCLARKE PETER,APPLE INC,2014-12-08,21,,320193.0
RUSSELLCLARKE PETER,APPLE INC,2015-01-23,38,,320193.0
RUSSELLCLARKE PETER,APPLE INC,2020-07-01,20,,320193.0
RUTERMAN JON KEVIN,AMERICAN EXPRESS TRAVEL RELATED SERVICES COMPANY INC,2006-10-20,23,,4962.0
RYU INHWAN,LG ELECTRONICS INC,2016-12-29,25,,2058873.0
SABIC GLOBAL TECHNOLOGIES BV,SHPP GLOBAL TECHNOLOGIES BV,2020-11-25,26,932021.0,932021.0
SACHETI SANDEEP K,AMERICAN EXPRESS TRAVEL RELATED SERVICES COMPANY INC,2006-11-28,21,,4962.0
SAGEM SA,JOHNSON CONTROLS AUTOMOTIVE ELECTRONICS,2002-10-07,34,,200406.0
SAINT SEAN,DEXCOM INC,2005-03-08,33,,1093557.0
SAKARYA ONUR,NATERA INC,2015-04-17,32,,1604821.0
SALAPURA VALENTINA,INTERNATIONAL BUSINESS MACHINES CORPORATION,2018-07-16,25,,51143.0
SALIX PHARMACEUTICALS LTD,SALIX PHARMACEUTICALS INC,2018-11-14,34,2007191.0,1691082.0
SALOW GLEN,AMERICAN EXPRESS TRAVEL RELATED SERVICES COMPANY INC,2004-10-08,36,,4962.0
SAMSUNG ELECTRONICS CO LTD,SAMSUNG DISPLAY CO LTD,2012-09-04,99,,1290109.0
SAMSUNG SDI CO LTD,SAMSUNG MOBILE DISPLAY CO LTD,2008-12-10,39,,1290109.0
SANCHEZ NEVADA J,BUTTERFLY NETWORK INC,2014-03-27,24,,1804176.0
SANDERS MARTIN E,IO THERAPEUTICS INC,2017-05-05,27,,1840233.0
SANDISK CORPORATION,SANDISK TECHNOLOGIES INC,2011-04-04,1782,,1321834.0
SANDISK CORPORATION,SANDISK TECHNOLOGIES INC,2012-03-14,21,,1321834.0
SANDISK TECHNOLOGIES LLC,WESTERN DIGITAL TECHNOLOGIES INC,2017-03-28,29,,1321834.0
SANTOSUOSSO JOHN M,INTERNATIONAL BUSINESS MACHINES CORPORATION,2013-01-25,20,,51143.0
SARIDAKIS GEORGE,FORD GLOBAL TECHNOLOGIES LLC,2018-10-01,29,,932021.0
SATZGER DOUGLAS B,APPLE COMPUTER INC,2005-10-18,22,,320193.0
SATZGER DOUGLAS B,APPLE INC,2007-12-21,34,,320193.0
SAUNDERS LAURA,STEM CENTRX INC,2013-02-22,32,,1758766.0
SAYRE PAUL BARNHART III,AMAZON TECHNOLOGIES INC,2014-08-14,22,,1321834.0
SCHENK DALE B,ELAN PHARMACEUTICALS INC,1999-01-28,20,,1023024.0
SCHENK DALE B,ELAN PHARMACEUTICALS INC,2000-10-02,21,,1023024.0
SCHER ERIK C,SILURIA TECHNOLOGIES INC,2015-07-15,22,,1321834.0
SCHOOLCRAFT BRIAN,ALLISON TRANSMISSION INC,2015-04-17,23,,1411207.0
SCIENCE APPLICATIONS INTERNATIONAL CORPORATION,SAIC GEMINI INC,2013-09-27,25,1571123.0,
SEAGATE TECHNOLOGY INC,SEAGATE REMOVABLE STORAGE SOLUTIONS LLC,2000-06-30,25,1779474.0,
SEAGATE TECHNOLOGY INC,SEAGATE TECHNOLOGY LLC,2000-06-28,869,1779474.0,1137789.0
SEAGATE TECHNOLOGY INC,SEAGATE TECHNOLOGY LLC,2000-06-30,57,1779474.0,1137789.0
SEID CALVIN Q,APPLE COMPUTER INC,2005-10-19,21,,320193.0
SELLA GUY,SOLAREDGE TECHNOLOGIES LTD,2020-01-28,20,,1419612.0
SEO DONGYOUN,LG ELECTRONICS INC,2013-02-28,27,,2058873.0
SEO HANBYUL,LG ELECTRONICS INC,2015-01-13,23,,2058873.0
SEOK YONGHO,LG ELECTRONICS INC,2014-11-11,21,,2058873.0
SEONG JEASEOK,LG ELECTRONICS INC,2013-07-22,20,,2058873.0
SEONG JEASEOK,LG ELECTRONICS INC,2017-03-10,29,,2058873.0
SHAFER RYAN JAMES,BECTON DICKINSON AND COMPANY,2012-05-16,20,,10795.0
SHAFFER BENJAMIN ANDREW,APPLE INC,2014-12-08,21,,320193.0
SHAFFER BENJAMIN ANDREW,APPLE INC,2015-01-19,36,,320193.0
SHAFFER BENJAMIN ANDREW,APPLE INC,2020-07-02,20,,320193.0
SHAH SHILPA R,TMOBILE USA INC,2009-05-06,23,,1283699.0
SHAO HUI,STEM CENTRX INC,2013-02-22,32,,1758766.0
SHARIFI MEHR NIMA,AMAZON TECHNOLOGIES INC,2015-09-28,22,,1321834.0
SHARP CORPORATION,KONINKLIJKE PHILIPS NV,2015-09-30,31,,313216.0
SHARPE RICHARD JAMES,NUTANIX INC,2017-01-31,23,,1618732.0
SHEARER ROBERT A,INTERNATIONAL BUSINESS MACHINES CORPORATION,2013-01-31,26,,51143.0
SHENZHEN CHINA STAR OPTOELECTRONICS TECHNOLOGY CO LTD,SHENZHEN CHINA STAR OPTOELECTRONICS SEMICONDUCTOR DISPLAY TECHNOLOGY CO LTD,2017-09-18,24,,1290109.0
SHIH DAYUAN,INTERNATIONAL BUSINESS MACHINES CORPORATION,1993-04-30,34,,51143.0
SHIN JONGYOUN,LG ELECTRONICS INC,2016-12-01,25,,2058873.0
SHIRE HUMAN GENETIC THERAPIES INC,RANA THERAPEUTICS INC,2016-12-19,52,,1442836.0
SHRIVASTAVA DHAIRYA,VIEW INC,2016-05-10,21,,1865429.0
SIBSON DUNCAN,GLOBUS MEDICAL INC,2009-06-01,31,,1237831.0
SIGURJONSSON STYRMIR,NATERA INC,2015-04-17,33,,1604821.0
SILICON GRAPHICS INC,SILICON GRAPHICS INTERNATIONAL INC,2009-05-08,54,,105319.0
SILICON GRAPHICS INTERNATIONAL CORP,HEWLETT PACKARD ENTERPRISE DEVELOPMENT LP,2017-05-01,32,,1645590.0
SILVANTO MIKAEL,APPLE INC,2014-12-08,21,,320193.0
SILVANTO MIKAEL,APPLE INC,2015-01-19,39,,320193.0
SILVER PEAK SYSTEMS INC,HEWLETT PACKARD ENTERPRISE DEVELOPMENT LP,2021-10-27,174,,1645590.0
SIMONS WAYNE K,PACCAR INC,2005-09-09,22,,75362.0
SIMPSON PETER C,DEXCOM INC,2013-05-21,23,,1093557.0
SINGH ABHISHEK RANJAN,CISCO TECHNOLOGY INC,2016-07-11,21,,1779474.0
SINGH RAJINDER,RIGEL PHARMACEUTICALS INC,2003-03-04,20,,1034842.0
SINHA SUDHI R,JOHNSON CONTROLS TECHNOLOGY COMPANY,2018-10-02,25,,200406.0
SINHAROY BALARAM,INTERNATIONAL BUSINESS MACHINES CORPORATION,2008-01-31,25,,51143.0
SIRF TECHNOLOGY HOLDINGS INC,SIRF TECHNOLOGY INC,2002-06-20,20,1779474.0,1126741.0
SISLER CHRISTINE J,PEPSICO INC,2012-03-05,20,,77476.0
SKYLER TECHNOLOGY INC,ROBERT T AND VIRGINIA T JENKINS AS TRUSTEES OF THE JENKINS FAMILY TRUST DATED FEB 8 2002,2010-01-12,30,1819974.0,
SLEGEL TIMOTHY J,INTERNATIONAL BUSINESS MACHINES CORPORATION,2008-01-10,22,,51143.0
SMALL JESSICA,NIKE INC,2019-12-19,26,,320187.0
SMITH BRUCE M,STEELCASE INC,2012-10-15,23,,1050825.0
SMITHKLINE BEECHAM CORPORATION DBA GLAXOSMITHKLINE,AFFINIUM PHARMACEUTICALS INC,2002-12-18,20,,1388320.0
SMITHS MEDICAL ASD INC,TANDEM DIABETES CARE INC,2012-07-16,21,,1438133.0
SNAP APPLIANCE INC,ADAPTEC INC,2004-09-29,20,1564408.0,
SNAPCHAT INC,SNAP INC,2016-09-23,260,,1564408.0
SOLARBRIDGE TECHNOLOGIES INC,SUNPOWER CORPORATION,2014-12-18,20,1419612.0,
SOLARFLARE COMMUNICATIONS INC,MARVELL INTERNATIONAL LTD,2011-04-18,30,,1940941.0
SON NERRY,LG ELECTRONICS INC,2019-08-19,21,,2058873.0
SON SUNGGYUN,LG ELECTRONICS INC,2021-03-30,42,,2058873.0
SONG JAE HYUNG,LG ELECTRONICS INC,2008-08-14,29,,2058873.0
SONG JAE HYUNG,LG ELECTRONICS INC,2008-10-13,24,,2058873.0
SONG JAE HYUNG,LG ELECTRONICS INC,2008-10-20,41,,2058873.0
SONG JINHAN,SK TELECOM CO LTD,2013-03-15,22,,1015650.0
SONG WON GYU,LG ELECTRONICS INC,2006-09-29,23,,2058873.0
SONG WON GYU,LG ELECTRONICS INC,2007-07-04,32,,2058873.0
SONG WON GYU,LG ELECTRONICS INC,2007-07-26,30,,2058873.0
SONG WON GYU,LG ELECTRONICS INC,2008-08-26,50,,2058873.0
SPX FITNESS INC,LAGREE TECHNOLOGIES INC,2016-10-24,58,,1321834.0
SRC VISION INC,KEY TECHNOLOGY INC,2000-11-30,21,,1779474.0
ST LOUIS JULIE,WOLVERINE WORLD WIDE INC,2007-01-17,21,,110471.0
STAMPER ANTHONY K,INTERNATIONAL BUSINESS MACHINES CORPORATION,2014-02-03,25,,51143.0
STANFORD SURGICAL TECHNOLOGIES INC,HEARTPORT INC,1995-07-14,25,1321834.0,
STANTON SHAWN CHRISTOPHER,THOMASVILLE FURNITURE INDUSTRIES INC,2003-04-16,23,,72162.0
STEELCASE INC,STEELCASE DEVELOPMENT INC,1999-07-01,50,1050825.0,1050825.0
STEELCASE INC A CORP OF MICHIGAN,STEELCASE DEVELOPMENT INC A CORP OF MICHIGAN,1999-07-01,23,1050825.0,1050825.0
STEELCASE INC A CORPORATION OF MICHIGAN,STEELCASE DEVELOPMENT INC,1999-07-01,21,1050825.0,1050825.0
STEELCASE INC A CORPORATION OF MICHIGAN,STEELCASE DEVELOPMENT INC A CORPORATION OF MICHIGAN,1999-07-01,41,1050825.0,1050825.0
STEINKE GUSTAV J,INTERNATIONAL BRAKE INDUSTRIES INC,1994-04-06,27,,105319.0
STLOUIS JULIE,WOLVERINE WORLD WIDE INC,2007-07-17,36,,110471.0
STLOUIS JULIE,WOLVERINE WORLD WIDE INC,2008-01-10,21,,110471.0
STLOUIS JULIE,WOLVERINE WORLD WIDE INC,2008-07-24,23,,110471.0
STMICROELECTRONICS SRL FORMERLY KNOWN AS SGSTHOMSON MICROELECTRONICS SRL,MICRON TECHNOLOGY INC,2012-05-23,24,932787.0,723125.0
STODDARD ERIC,FORD GLOBAL TECHNOLOGIES LLC,2016-01-05,23,,932021.0
STODDARD ERIC,FORD GLOBAL TECHNOLOGIES LLC,2018-03-28,20,,932021.0
STREIT LEON G,PIONEER HIBRED INTERNATIONAL INC,2010-04-19,24,,105319.0
STRINGER CHRISTOPHER J,APPLE COMPUTER INC,2005-10-18,22,,320193.0
STRINGER CHRISTOPHER J,APPLE INC,2007-12-17,35,,320193.0
STRINGER CHRISTOPHER J,APPLE INC,2014-12-08,21,,320193.0
STRINGER CHRISTOPHER J,APPLE INC,2015-01-19,38,,320193.0
STULL ROBERT A,STEM CENTRX INC,2013-02-22,32,,1758766.0
SUBRAMANIAN ROMESH R,DYNE THERAPEUTICS INC,2019-08-28,20,,1818794.0
SUGARSYNC INC,DROPBOX INC,2014-10-14,20,,1467623.0
SUH JONG YEUL,LG ELECTRONICS INC,2008-08-14,31,,2058873.0
SUH JONG YEUL,LG ELECTRONICS INC,2008-10-20,27,,2058873.0
SUN WORLD INTERNATIONAL INC,SUN WORLD INTERNATIONAL LLC,2005-02-25,40,105319.0,
SUNG EUNJI,LG ELECTRONICS INC,2017-04-25,25,,2058873.0
SVENSSON CHRISTOPHER,FORD GLOBAL TECHNOLOGIES LLC,2016-01-05,23,,932021.0
SVENSSON CHRISTOPHER,FORD GLOBAL TECHNOLOGIES LLC,2018-03-28,20,,932021.0
SYNERGY PHARMACEUTICALS INC,BAUSCH HEALTH IRELAND LIMITED,2019-03-04,28,1691082.0,
TAIWAN SEMICONDUCTOR MANUFACTURING COMPANY LTD,TSMC SOLID STATE LIGHTING LTD,2012-03-01,128,1046179.0,
TALASAZ AMIRALI,GUARDANT HEALTH INC,2014-07-02,22,,1576280.0
TAN SUNGHO,APPLE INC,2020-07-27,20,,320193.0
TANT SEAN,FORD GLOBAL TECHNOLOGIES LLC,2019-01-17,25,,932021.0
TAVARES FRANCIS XAVIER,G1 THERAPEUTICS INC,2014-03-12,22,,1001316.0
TAYLOR CHARLES A,HEARTFLOW INC,2011-01-24,28,,1464521.0
TAYLOR CHARLES A,HEARTFLOW INC,2017-02-14,24,,1464521.0
TAYLOR MATTHEW WHITING,GOGORO INC,2012-09-12,24,,1886190.0
TEGLEY CHRISTOPHER M,LIGAND PHARMACEUTICALS INC,2000-09-20,34,,886163.0
TEIG STEVEN,CADENCE DESIGN SYSTEMS INC,2003-05-08,40,,813672.0
TELCORDIA TECHNOLOGIES INC,REGENTS OF THE UNIVERSITY OF CALIFORNIA THE,2002-03-22,22,1321834.0,
TERADYNE INC,AMPHENOL CORPORATION,2005-11-30,23,97210.0,
TERADYNE INC,TOLLGRADE COMMUNICATIONS INC,2007-08-01,36,97210.0,
THACKER DAVID,GROUPON INC,2013-08-13,25,,1490281.0
THE NIELSEN COMPANY US LLC,ROKU INC,2021-04-15,33,,1428439.0
THE PROCTER GAMBLE COMPANY,IMFLUX INC,2014-04-02,33,80424.0,
THE UNIVERSITY OF BRITISH COLUMBIA,BRIGHTSIDE TECHNOLOGIES INC,2007-04-24,43,,1321834.0
THERAVANCE INC,THERAVANCE BIOPHARMA ANTIBIOTICS IP LLC,2014-06-01,25,1583107.0,1583107.0
THERAVANCE INC,THERAVANCE BIOPHARMA RD IP LLC,2014-06-01,150,1583107.0,1583107.0
THERMO FISHER SCIENTIFIC BIOSCIENCES INC,THERMO FISHER SCIENTIFIC INC,2014-03-21,28,97745.0,97745.0
THOMAS C GOMER,LG ELECTRONICS INC,2004-10-25,46,,2058873.0
THOMAS DEEP,AMERICAN EXPRESS TRAVEL RELATED SERVICES COMPANY INC,2006-11-28,21,,4962.0
THOMAS EDWARD NATHANIEL,NIKE INC,2004-07-15,21,,320187.0
THOMPSON JEFFREY A,PIONEER HIBRED INTERNATIONAL INC,2010-04-21,24,,105319.0
THOMSON LICENSING,DOLBY LABORATORIES LICENSING CORPORATION,2016-08-10,52,,1308547.0
THOMSON LICENSING,INTERDIGITAL VC HOLDINGS INC,2018-07-30,128,,1405495.0
THOMSON LICENSING SAS,DOLBY LABORATORIES LICENSING CORPORATION,2017-02-07,24,,1308547.0
THOMSON LICENSING SAS,INTERDIGITAL VC HOLDINGS INC,2018-02-23,37,,1405495.0
THROWER JAMES P,DEXCOM INC,2005-03-30,28,,1093557.0
THROWER JAMES PATRICK,DEXCOM INC,2004-01-12,32,,1093557.0
THROWER JAMES PATRICK,DEXCOM INC,2005-03-08,25,,1093557.0
THUNDER POWER HONG KONG LTD,THUNDER POWER NEW ENERGY VEHICLE DEVELOPMENT COMPANY LIMITED,2016-12-15,48,1939780.0,
TIAN HUI,INVISAGE TECHNOLOGIES INC,2010-05-20,23,,1321834.0
TISSANDIER CLEMENT,APPLE INC,2020-07-02,20,,320193.0
TK HOLDINGS INC,JOYSON SAFETY SYSTEMS ACQUISITION LLC,2018-04-10,24,1809587.0,
TOBIN AVIS EDWARD JR,THOMASVILLE FURNITURE INDUSTRIES INC,1994-10-19,27,,72162.0
TONELLO DOMENICO,FORD GLOBAL TECHNOLOGIES LLC,2018-09-26,28,,932021.0
TOOMRE ERIK,SEURAT TECHNOLOGIES INC,2016-10-26,24,,1321834.0
TORGOV MICHAEL,STEM CENTRX INC,2013-02-22,32,,1758766.0
TRICORD HOLDINGS LLC,AUTONOMIX MEDICAL INC,2014-08-20,30,,1617867.0
TRISTRATA INCORPORATED,TRISTRATA TECHNOLOGY INC,1996-08-15,21,,1779474.0
TRIVENI DIGITAL INC,LG ELECTRONICS INC,2003-07-29,34,,2058873.0
TRIVENI DIGITAL INC,LG ELECTRONICS INC,2005-01-28,48,,2058873.0
TROIA ALBERTO,MICRON TECHNOLOGY INC,2020-01-17,41,,723125.0
TSINGOS NICOLAS,DOLBY LABORATORIES LICENSING CORPORATION,2012-05-02,20,,1308547.0
TURNER GERALDINE A,AMERICAN EXPRESS TRAVEL RELATED SERVICES COMPANY INC,2006-10-23,24,,4962.0
UBER TECHNOLOGIES INC,UATC LLC,2019-07-01,75,1543151.0,
UBER TECHNOLOGIES INC,UATC LLC,2019-07-02,29,1543151.0,
ULREY JOSEPH NORMAN,FORD GLOBAL TECHNOLOGIES LLC,2016-12-15,31,,932021.0
UNIFY PATENTE GMBH CO KG,RINGCENTRAL IP HOLDINGS INC,2019-12-30,206,,1384905.0
UNIFY PATENTE GMBH CO KG,RINGCENTRAL IP HOLDINGS INC,2021-12-08,68,,1384905.0
UNIFY SOFTWARE AND SOLUTIONS GMBH CO KG,RINGCENTRAL IP HOLDINGS INC,2019-12-30,205,,1384905.0
UNITED TECHNOLOGIES AUTOMOTIVE INC,UT AUTOMOTIVE DEARBORN INC,1998-02-24,68,1321834.0,
UNITED TECHNOLOGIES CORPORATION,BALLARD POWER SYSTEMS INC,2014-04-24,78,,1453015.0
URHAN TOLGA,BEA SYSTEMS INC,2005-07-27,26,,1352010.0
URIE GRANT A,WOLVERINE WORLD WIDE INC,2006-07-27,24,,110471.0
URIE GRANT A,WOLVERINE WORLD WIDE INC,2008-01-09,20,,110471.0
US PHILIPS CORPORATION,KONINKLIJKE PHILIPS ELECTRONICS NV,2002-04-30,20,,313216.0
VAN DER SLUIS PETER WILLEM,TECHNOLOGIES HOLDINGS CORP,2011-04-26,52,,2186.0
VAN DER SLUIS PETER WILLEM,TECHNOLOGIES HOLDINGS CORP,2012-04-11,54,,2186.0
VANCE MICHAEL STEFFEN,TMOBILE USA INC,2009-06-19,24,,1283699.0
VARIAN MEDICAL SYSTEMS INC,VARIAN MEDICAL SYSTEMS TECHNOLOGIES INC,2003-09-25,49,,1321834.0
VASH BRIAN EDWARD,ELSTAR THERAPEUTICS INC,2021-02-17,22,,1001316.0
VASSEROT ALAIN PHILIPPE,ATYR PHARMA INC,2013-07-12,36,,1339970.0
VASSEUR JEANPHILIPPE,CISCO TECHNOLOGY INC,2013-06-10,30,,1779474.0
VASSEUR JEANPHILIPPE,CISCO TECHNOLOGY INC,2014-02-12,33,,1779474.0
VASSEUR JEANPHILIPPE,CISCO TECHNOLOGY INC,2014-04-24,22,,1779474.0
VASSEUR JEANPHILIPPE,CISCO TECHNOLOGY INC,2014-07-15,23,,1779474.0
VENKITESWARAN VAIDHYANATHAN,JOHNSON CONTROLS TECHNOLOGY COMPANY,2018-09-21,23,,200406.0
VERIZON PATENT AND LICENSING INC,PALO ALTO NETWORKS INC,2015-10-07,24,,1327567.0
VERTEQ INC,DEVELOPMENT SPECIALISTS INC,2004-03-05,44,1806837.0,
VIA OPTICAL SOLUTION INC,VIA TECHNOLOGIES INC,2007-07-30,22,,1789029.0
VISWANATHAN RADHIKA,MICRON TECHNOLOGY INC,2021-07-13,20,,723125.0
VON HOLZHAUSEN FRANZ,TESLA INC,2017-09-26,29,,1318605.0
VOYAGE MEDICAL INC,INTUITIVE SURGICAL OPERATIONS INC,2013-08-16,34,,1035267.0
VTVX HOLDINGS II LLC,VTV THERAPEUTICS LLC,2015-07-29,21,,1641489.0
WADSWORTH JOHN F,BELKIN INTERNATIONAL INC,2016-05-10,23,,105319.0
WALKER DIGITAL LLC,EBAY INC,2012-01-03,31,,1065088.0
WALKER GEORGE F,INTERNATIONAL BUSINESS MACHINES CORPORATION,1993-04-30,38,,51143.0
WALMART STORES INC,WALMART APOLLO LLC,2018-01-31,115,104169.0,
WALMART STORES INC,WALMART APOLLO LLC,2018-02-26,273,104169.0,
WALMART STORES INC,WALMART APOLLO LLC,2018-03-21,460,104169.0,
WALMART STORES INC,WALMART APOLLO LLC,2018-03-27,32,104169.0,
WALTER CHRISTOPHER G,FORD GLOBAL TECHNOLOGIES LLC,2019-10-08,31,,932021.0
WALTERS GUY A III,THOMASVILLE FURNITURE INDUSTRIES INC,1994-10-19,28,,72162.0
WANG CLIFF,AIR COOL INDUSTRIAL CO LTD,2012-05-29,25,,1944057.0
WANG CLIFF,AIR COOL INDUSTRIAL CO LTD,2016-05-31,24,,1944057.0
WANG HAISHENG,BOE TECHNOLOGY GROUP CO LTD,2015-05-11,28,,1852440.0
WANG LEI,BOE TECHNOLOGY GROUP CO LTD,2017-04-27,20,,1852440.0
WANG QIAN,BOE TECHNOLOGY GROUP CO LTD,2017-04-27,20,,1852440.0
WANG QIUPING,ACHILLION PHARMACEUTICALS INC,2016-03-11,26,,1691082.0
WANG XIANGZHU,ACHILLION PHARMACEUTICALS INC,2016-03-11,24,,1691082.0
WANG YONG,JOHNSON ELECTRIC SA,2016-08-25,22,,200406.0
WANG ZHONGGUO,FORMA THERAPEUTICS INC,2016-06-17,20,,1001316.0
WARDYN BRANDON MICHAEL,PIONEER HIBRED INTERNATIONAL INC,2018-03-05,20,,105319.0
WATKINS JEFFRY D,ATYR PHARMA INC,2013-07-22,36,,1339970.0
WEEDEN TIMOTHY,DYNE THERAPEUTICS INC,2019-08-27,20,,1818794.0
WEHRLY SHAWN,FORD GLOBAL TECHNOLOGIES LLC,2019-03-08,28,,932021.0
WEIGAND ULRICH,INTERNATIONAL BUSINESS MACHINES CORPORATION,2016-10-24,21,,51143.0
WENG CHIENCHIH,GOGORO INC,2014-11-13,21,,1886190.0
WEST SERVICES INC,THOMSON REUTERS GLOBAL RESOURCES,2013-12-30,44,105770.0,
WHANG EUGENE ANTONY,APPLE COMPUTER INC,2005-10-18,22,,320193.0
WHANG EUGENE ANTONY,APPLE INC,2007-12-20,31,,320193.0
WHANG EUGENE ANTONY,APPLE INC,2014-12-09,20,,320193.0
WHANG EUGENE ANTONY,APPLE INC,2015-01-19,39,,320193.0
WHANG EUGENE ANTONY,APPLE INC,2020-08-12,20,,320193.0
WHITE GABRIEL J,TMOBILE USA INC,2009-05-08,22,,1283699.0
WILES JASON ALLAN,ACHILLION PHARMACEUTICALS INC,2016-03-11,26,,1691082.0
WILLING TODD,FORD GLOBAL TECHNOLOGIES LLC,2018-01-11,34,,932021.0
WILSON CHRISTOPHER,APPLE INC,2014-01-20,22,,320193.0
WILSON CHRISTOPHER,APPLE INC,2015-02-06,26,,320193.0
WILSON CHRISTOPHER,APPLE INC,2016-12-05,20,,320193.0
WILSON CHRISTOPHER,APPLE INC,2018-02-05,20,,320193.0
WILSON D TRAVIS,STEALTH PEPTIDES INTERNATIONAL INC,2013-10-10,20,,105319.0
WILUS INSTITUTE OF STANDARDS AND TECHNOLOGY INC,SK TELECOM CO LTD,2018-07-05,36,1779474.0,1015650.0
WILUS INSTITUTE OF STANDARDS AND TECHNOLOGY INC,WILUS INSTITUTE OF STANDARDS AND TECHNOLOGY INC,2018-07-05,36,1779474.0,1779474.0
WIS TECHNOLOGIES INC,MICRONAS USA INC,2006-05-12,34,1321834.0,
WOLFF MAX,FORD GLOBAL TECHNOLOGIES LLC,2018-01-11,34,,932021.0
WOLTHUIS JOHN,TWILIO INC,2012-10-08,23,,1447669.0
WON HYOJIN,LG ELECTRONICS INC,2016-12-01,37,,2058873.0
WONG MARVIN GLENN,AGILENT TECHNOLOGIES INC,2003-04-08,37,,1090872.0
WOODHOUSE DAVID,FORD GLOBAL TECHNOLOGIES LLC,2017-03-02,24,,932021.0
WOODHOUSE DAVID,FORD GLOBAL TECHNOLOGIES LLC,2017-10-30,32,,932021.0
WOODHOUSE DAVID,FORD GLOBAL TECHNOLOGIES LLC,2018-04-04,34,,932021.0
WOODHOUSE DAVID,FORD GLOBAL TECHNOLOGIES LLC,2019-03-12,28,,932021.0
XAVIER BEN,DEXCOM INC,2005-03-17,28,,1093557.0
XUE HANHONG,INTERNATIONAL BUSINESS MACHINES CORPORATION,2008-01-31,21,,51143.0
YADAV NAVINDRA,CISCO TECHNOLOGY INC,2016-07-11,33,,1779474.0
YANG LAWRENCE Y,APPLE INC,2015-03-24,20,,320193.0
YANG MING,BOE TECHNOLOGY GROUP CO LTD,2017-04-27,20,,1852440.0
YANG RENHUI,ALIBABA GROUP HOLDING LIMITED,2019-12-12,22,,1577552.0
YANG SHENGJI,BOE TECHNOLOGY GROUP CO LTD,2015-05-11,30,,1852440.0
YANG SUCKCHEL,LG ELECTRONICS INC,2013-02-28,35,,2058873.0
YEOM SEUNGSEOB,LG ELECTRONICS INC,2021-03-30,40,,2058873.0
YI SEUNGJUNE,LG ELECTRONICS INC,2009-07-28,23,,2058873.0
YING ZHAN,CHANGXIN MEMORY TECHNOLOGIES INC,2021-06-08,51,,1321834.0
YOO SUNMI,LG ELECTRONICS INC,2021-12-27,21,,2058873.0
YOO TAEWOO,LG ELECTRONICS INC,2017-03-10,29,,2058873.0
YU SHAWN SUNG,FORD GLOBAL TECHNOLOGIES LLC,2018-01-10,27,,932021.0
YUDENFRIEND HARRY M,INTERNATIONAL BUSINESS MACHINES CORPORATION,2015-10-02,22,,51143.0
ZAYANTE INC,APPLE COMPUTER INC,2002-04-02,23,,320193.0
ZENG WEI,APPLE INC,2021-10-24,21,,320193.0
ZHANG DAWEI,APPLE INC,2021-10-18,28,,320193.0
ZHAO JIE,LG ELECTRONICS INC,2022-01-03,23,,2058873.0
ZHAO JOHN,WAH HUNG INTERNATIONAL MACHINERY INC,2012-10-18,29,,105319.0
ZHAO WENQING,BOE TECHNOLOGY GROUP CO LTD,2017-04-27,22,,1852440.0
ZHENG XIAOZHANG,FORMA THERAPEUTICS INC,2016-02-23,20,,1001316.0
ZHI LIN,LIGAND PHARMACEUTICALS INC,2000-09-22,36,,886163.0
ZHOU CHUI YOU,JOHNSON ELECTRIC SA,2016-08-25,21,,200406.0
ZIMMERMANN BERNHARD,NATERA INC,2015-04-20,33,,1604821.0
ZORKENDORFER RICO,APPLE COMPUTER INC,2005-10-18,22,,320193.0
ZORKENDORFER RICO,APPLE INC,2007-12-17,34,,320193.0
ZUCHERMAN JAMES F,ST FRANCIS MEDICAL TECHNOLOGIES INC,2006-12-03,23,,1321834.0
ZUKOWSKI MARCIN,SNOWFLAKE COMPUTING INC,2014-10-20,44,,1640147.0
ZÖRKENDÖRFER RICO,APPLE INC,2014-12-08,21,,320193.0
ZÖRKENDÖRFER RICO,APPLE INC,2015-01-19,41,,320193.0
